url,jsurl,pred,prob
https://youtube.com,https://www.youtube.com/s/desktop/a3aebd16/jsbin/network.vflset/network.js,analytics,0.835134744644165
https://twitter.com,https://abs.twimg.com/responsive-web/client-web-legacy/vendor.1da6736a.js,analytics,0.9057336449623108
https://cloudflare.com,https://www.cloudflare.com/vendor/onetrust/scripttemplates/otSDKStub.js,analytics,0.9821560978889464
https://instagram.com,https://static.cdninstagram.com/rsrc.php/v3/yk/r/tjxeo6kHSEr.js,analytics,0.9841970801353456
https://netflix.com,https://cdn.cookielaw.org/scripttemplates/otSDKStub.js,analytics,0.9821560978889464
https://apple.com,https://apple.com/ac/globalfooter/8/en_US/scripts/ac-globalfooter.built.js,analytics,0.97868013381958
https://bilibili.com,https://s1.hdslb.com/bfs/seed/log/report/log-reporter.js,analytics,0.9980238676071168
https://live.com,https://az725175.vo.msecnd.net/scripts/jsll-4.js,ads,0.9634206891059875
https://yahoo.com,https://s.yimg.com/rq/darla/4-11-1/js/g-r-min.js,ads,0.9989117383956908
https://yahoo.com,https://s.yimg.com/aaq/fp/js/tdv2-wafer-utils.customErrorHandler.9efebe2f6ece1db2fe1296f78b511780.js,analytics,0.946485698223114
https://yahoo.com,https://s.yimg.com/aaq/wf/wf-form-1.33.1.js,analytics,0.8307399749755859
https://yahoo.com,https://s.yimg.com/aaq/wf/wf-video-2.21.9.js,ads,0.9985736608505248
https://yahoo.com,https://s.yimg.com/aaq/fp/js/react-wafer-scores.custom.default.36d0d5d53074cbbff4a4d35822977d7a.js,analytics,0.8250946998596191
https://yahoo.com,https://s.yimg.com/aaq/fp/js/react-wafer-horoscope.custom.desktop.default.cf44509b45b430d65165b7367ff6689c.js,analytics,0.8250946998596191
https://yahoo.com,https://s.yimg.com/aaq/c/788ab74.caas-hpgrid.min.js,analytics,0.9770594239234924
https://yahoo.com,https://s.yimg.com/ss/rapid-3.53.38.js,ads,0.920845091342926
https://yahoo.com,https://s.yimg.com/os/yaft/yaft-0.3.28.min.js,ads,0.9980024695396424
https://yahoo.com,https://s.yimg.com/aaq/hc/homepage-pwa-defer-1.1.6.js,analytics,0.8226569890975952
https://azure.com,https://azure.com/etc.clientlibs/onecloud/clientlibs/clientlib-events.min.ACSHASH1e1e807a22bd65d9f61a48a38d6e7faa.js,ads,0.8488709330558777
https://azure.com,https://azure.com/etc.clientlibs/microsoft/clientlibs/clientlib-polyfills.min.ACSHASHf381d5147c85ee687ea8fbef32c83d37.js,ads,0.8488709330558777
https://azure.com,https://azure.com/etc.clientlibs/microsoft/clientlibs/clientlib-jquery.min.ACSHASH35986a813756f39ab6b922979ffedb03.js,ads,0.8488709330558777
https://azure.com,https://azure.com/etc.clientlibs/microsoft/clientlibs/clientlib-jquery-cookie.min.ACSHASH20aafdf6904d3dc5db0e0e33abbfc1a4.js,ads,0.8488709330558777
https://azure.com,https://az725175.vo.msecnd.net/scripts/jsll-4.js,ads,0.9634206891059875
https://azure.com,https://azure.com/etc.clientlibs/microsoft/clientlibs/exp-analytics/v1.min.ACSHASH4cffc2c9b55f8bde649e0d2535a1eebd.js,ads,0.8488709330558777
https://azure.com,https://azure.com/etc.clientlibs/microsoft/clientlibs/exp-cookiecomp/v1.min.ACSHASH5d289facb3c5fe0d12468a1aed519537.js,ads,0.8488709330558777
https://azure.com,https://azure.com/etc.clientlibs/onecloud/components/content/highlight/v1/highlight/clientlibs/site.min.ACSHASH14fd846874af3385d1933e362a28b18f.js,ads,0.8488709330558777
https://azure.com,https://azure.com/etc.clientlibs/microsoft/components/content/alert/v1/alert/clientlibs/site.min.ACSHASH0aa0f2b681b80781a6d691a5062cba7d.js,ads,0.8488709330558777
https://azure.com,https://azure.com/etc.clientlibs/core/wcm/components/tabs/v1/tabs/clientlibs/site.min.ACSHASH1054899214f5e69def0b32d763aec457.js,ads,0.8488709330558777
https://azure.com,https://azure.com/etc.clientlibs/onecloud/components/content/areaheading/v1/areaheading/clientlibs/site.min.ACSHASHf3ce0716faf38b81e39f92e91d6f05dc.js,ads,0.8488709330558777
https://azure.com,https://azure.com/etc.clientlibs/microsoft/components/content/feature/v1/feature/clientlibs/site.min.ACSHASH42ba89a4096a012bdfd80f51fc4b936f.js,ads,0.8488709330558777
https://azure.com,https://azure.com/etc.clientlibs/microsoft/components/content/dynamic-feature/v1/dynamic-feature/clientlibs/site.min.ACSHASHf834ecc43df9754fbcd8a6bb1078e89e.js,ads,0.8488709330558777
https://azure.com,https://azure.com/etc.clientlibs/microsoft/components/content/inline-video/v1/inline-video/clientlibs/site.min.ACSHASHf9f3062f075652a8f5fb69d79e9fbb4e.js,ads,0.8488709330558777
https://azure.com,https://azure.com/etc.clientlibs/onecloud/clientlibs/clientlib-mwf-new/main-acom.min.ACSHASH1315b52070fe169b25b7b0a6e3667170.js,ads,0.8488709330558777
https://azure.com,https://azure.com/etc.clientlibs/onecloud/clientlibs/clientlib-mwf-ext/main-acom.min.ACSHASH716a2f692b84a291c3b961005c5235ab.js,ads,0.8488709330558777
https://azure.com,https://azure.com/etc.clientlibs/microsoft/clientlibs/clientlib-base.min.ACSHASH456a747bd335b98ed1ffdfc3f775f1b3.js,ads,0.8488709330558777
https://azure.com,https://azure.com/etc.clientlibs/onecloud/clientlibs/clientlib-site.min.ACSHASH4c1f1c6a4ff877c820e56e5ab869262b.js,ads,0.8488709330558777
https://azure.com,https://azure.com/etc.clientlibs/microsoft/components/content/universalheader/v1/universalheader/clientlibs/site.min.ACSHASH0a5c3d6fd3a524eb60e59a4de99b8033.js,ads,0.8488709330558777
https://azure.com,https://azure.com/etc.clientlibs/microsoft/clientlibs/clientlib-httpclient.min.ACSHASHf1782303dea6d21bfecdc0d5a694f7f8.js,ads,0.8488709330558777
https://azure.com,https://azure.com/etc.clientlibs/microsoft/clientlibs/clientlib-cookieconsent.min.ACSHASH96f0c5b1219e39b8788028f5c17a5ad9.js,ads,0.8488709330558777
https://azure.com,https://azure.com/etc.clientlibs/onecloud/clientlibs/clientlib-cookievalidator.min.ACSHASHc93775be6088ef882d6c8107b5532f72.js,ads,0.8488709330558777
https://azure.com,https://azure.com/etc.clientlibs/microsoft/components/structure/page/clientlibs/featurecontrol.min.ACSHASHc22ea5b46f3fcad90da0abcc0a3f73d4.js,ads,0.8488709330558777
https://azure.com,https://azure.com/etc.clientlibs/microsoft/components/structure/page/clientlibs/custom-oneds.min.ACSHASHb76e4bb3cb9103a12d0b9a568408c8f8.js,ads,0.8488709330558777
https://azure.com,https://azure.com/etc.clientlibs/onecloud/clientlibs/clientlib-chat.min.ACSHASH26588e8e8dd14565e700857380c118f0.js,ads,0.8488709330558777
https://azure.com,https://azure.com/etc.clientlibs/onecloud/clientlibs/clientlib-market-layer.min.ACSHASH551a5d1b5ebf715e3f78c311a57fa1d7.js,ads,0.8488709330558777
https://zhihu.com,https://static.zhihu.com/event/react@17.0.2/umd/react.production.min.js,ads,0.999450981616974
https://zhihu.com,https://static.zhihu.com/heifetz/runtime.app.bf9577383c59001aaaef.js,ads,0.999964475631714
https://github.com,https://github.githubassets.com/assets/vendors-node_modules_github_selector-observer_dist_index_esm_js-2646a2c533e3.js,analytics,0.9784672260284424
https://github.com,https://github.githubassets.com/assets/vendors-node_modules_github_turbo_dist_turbo_es2017-esm_js-ba0e4d5b3207.js,analytics,0.9550448656082152
https://github.com,https://github.githubassets.com/assets/vendors-node_modules_github_remote-form_dist_index_js-node_modules_scroll-anchoring_dist_scro-52dc4b-e1e33bfc0b7e.js,analytics,0.9374476671218872
https://github.com,https://github.githubassets.com/assets/vendors-node_modules_color-convert_index_js-node_modules_github_jtml_lib_index_js-40bf234a19dc.js,analytics,0.9995887875556946
https://github.com,https://github.githubassets.com/assets/vendors-node_modules_github_paste-markdown_dist_index_esm_js-node_modules_github_quote-select-743f1d-1b20d530fbf0.js,analytics,0.9706978797912598
https://reddit.com,https://www.redditstatic.com/desktop2x/runtime~Reddit.084a3d355f18c8804ed4.js,analytics,0.9859360456466676
https://reddit.com,https://www.redditstatic.com/desktop2x/vendors~Chat~Governance~Reddit.6921f706c26009a1fbb3.js,analytics,0.8385223150253296
https://reddit.com,https://www.redditstatic.com/desktop2x/CommentsPage~Governance~Reddit~ReportFlow~Subreddit~reddit-components-BlankPost~reddit-components-Cl~5351df81.9c583b1365fc99ea5772.js,ads,0.9786587953567504
https://reddit.com,https://www.redditstatic.com/desktop2x/Chat~Governance~Reddit.45778f1c41267603a894.js,ads,0.9834490418434144
https://reddit.com,https://www.redditstatic.com/desktop2x/Governance~Reddit.52bc17c0519857f08c36.js,analytics,0.916759192943573
https://reddit.com,https://www.redditstatic.com/desktop2x/CollectionCommentsPage~CommentsPage~CountryPage~GovernanceReleaseNotesModal~ModerationPages~Multired~4b0513d5.819a0de66bac2fd40596.js,ads,0.9923436045646667
https://pinterest.com,https://s.pinimg.com/webapp/6542-9000ceff0b70ebe4.js,ads,0.9170653820037842
https://pinterest.com,https://s.pinimg.com/webapp/13951-473e6e5b4e836352.js,ads,0.9136731028556824
https://pinterest.com,https://s.pinimg.com/webapp/www/_client-0f60a31eed1eb1ff.js,ads,0.9969524145126344
https://wordpress.org,https://stats.wp.com/e-202318.js,analytics,0.9909027218818665
https://youtu.be,https://www.youtube.com/s/desktop/a3aebd16/jsbin/network.vflset/network.js,analytics,0.835134744644165
https://fastly.net,https://fastly.net/app-e947a13b66c543df88a5.js,analytics,0.9899019002914428
https://fastly.net,https://fastly.net/b3a13d7d-20caf0e6169d18bd6109.js,analytics,0.8391979932785034
https://zoom.us,https://explore.zoom.us/docs/js/optimizely/optimizely.js,analytics,0.999977707862854
https://zoom.us,https://cdn.cookielaw.org/scripttemplates/otSDKStub.js,analytics,0.9821560978889464
https://vimeo.com,https://cdn.intellimize.co/snippet/117151225.js,ads,0.9993284940719604
https://vimeo.com,https://f.vimeocdn.com/cms/_next/static/chunks/5363.93bb6442e06160de.js,ads,0.8373845815658569
https://vimeo.com,https://f.vimeocdn.com/cms/_next/static/chunks/pages/_app-bd8accbcf8e7ce70.js,ads,0.9991216063499452
https://vimeo.com,https://f.vimeocdn.com/cms/_next/static/chunks/5574-c74d80083c6b6543.js,ads,0.8838340640068054
https://taobao.com,https://g.alicdn.com/code/lib/babel-polyfill/6.0.14/polyfill.min.js,analytics,0.9430346488952636
https://taobao.com,https://g.alicdn.com/tb/tracker/index.js,ads,0.9756664037704468
https://bit.ly,https://js-eu1.hs-scripts.com/26740822.js,marketing,0.9919998645782472
https://intuit.com,https://intuit.com/_next/static/chunks/webpack-5df7045ca7a3530520bd.js,analytics,0.9793004989624025
https://intuit.com,https://intuit.com/_next/static/chunks/main-39948db29b1b6d311efc.js,analytics,0.9221822619438172
https://intuit.com,https://intuit.com/_next/static/chunks/2b246239.abe23e5da4998ead6c94.js,ads,0.9983190894126892
https://intuit.com,https://intuit.com/_next/static/chunks/e3ed071237d1df234dc17561550880343731be4c.0f7429b1bc985a97ce87.js,ads,1.0
https://intuit.com,https://intuit.com/_next/static/chunks/pages/page/%5B...slug%5D-8a269d8d8ad07bd4c793.js,ads,0.9994555115699768
https://mozilla.org,https://www.mozilla.org/media/js/fxa.b7f1e714b0b0.js,ads,0.8351283073425293
https://mozilla.org,https://www.mozilla.org/media/js/data.9959726213d9.js,ads,0.9581140875816344
https://mozilla.org,https://www.mozilla.org/media/js/stub-attribution.37395068b1a7.js,ads,0.99999737739563
https://weibo.com,https://weibo.com/js/visitor/mini_original.js,ads,0.8392917513847351
https://spotify.com,https://open.spotifycdn.com/cdn/build/mobile-web-player/vendor~mobile-web-player.afc71afb.js,analytics,0.8724038600921631
https://icloud.com,https://cdn.apple-cloudkit.com/ck/2/cloudkit.js,analytics,0.9713639616966248
https://nih.gov,https://script.crazyegg.com/pages/scripts/0011/2616.js,ads,0.9973540306091307
https://jd.com,https://misc.360buyimg.com/jdf/??/1.0.0/unit/base/5.0.0/base.js,analytics,0.9951651096343994
https://jd.com,https://misc.360buyimg.com/??jdf/1.0.0/unit/base/5.0.0/base.js,analytics,0.9951651096343994
https://jd.com,https://h5static.m.jd.com/act/jd-jssdk/latest/jd-jssdk.min.js,ads,0.9994217157363892
https://jd.com,https://wl.jd.com/unify.min.js,analytics,0.8231036067008972
https://jd.com,https://storage.360buyimg.com/bjd-utils-sdk/library/polyfill.min.js,analytics,0.9734679460525512
https://jd.com,https://storage.360buyimg.com/retail-mall/overseas_pc/pre/0.0.15/js/main.6a3aca52.js,analytics,0.8114226460456848
https://nic.ru,https://nic.ru/static/rcweb-bundle-8f2df3465c709fdd8ab9.js,analytics,0.8270668387413025
https://europa.eu,https://ec.europa.eu/wel/surveys/wr_survey01/wr_survey.js,ads,0.9513962268829346
https://fandom.com,https://www.google-analytics.com/analytics.js,analytics,0.9692782759666444
https://nytimes.com,https://nytimes.com/vi-assets/static-assets/vendor-b261f5b50fd0c857de07.js,analytics,0.9630829095840454
https://nytimes.com,https://nytimes.com/vi-assets/static-assets/home-673a87e763c6fc4f1503.js,analytics,0.8975303173065186
https://nytimes.com,https://nytimes.com/vi-assets/static-assets/main-efca2a781a098f063c28.js,analytics,0.978770911693573
https://ebay.com,https://ir.ebaystatic.com/rs/v/10341xh50yz21mhhydueu4m5wad.js,analytics,0.9995428323745728
https://ebay.com,https://ir.ebaystatic.com/rs/v/s0hteylevy4bpkd12dvkd4yi5ms.js,analytics,0.9864826202392578
https://sina.com.cn,https://i.sso.sina.com.cn/js/ssologin.js,analytics,0.913337469100952
https://sina.com.cn,https://auto.sina.com.cn/sinaauto/2016/sinahome/chooseCars.js,ads,0.8432683944702148
https://sina.com.cn,https://d3.sina.com.cn/d1images/sinaads_entry/sinaads_entry_index.js,analytics,0.9570338129997252
https://sina.com.cn,https://www.sina.com.cn/js/79/2013/0717/fix.js,analytics,0.9810652136802672
https://naver.com,https://ssl.pstatic.net/tveta/libs/glad/prod/gfp-core.js,ads,0.9996674060821532
https://naver.com,https://ssl.pstatic.net/tveta/libs/assets/js/pc/main/min/pc.veta.core.min.js,ads,0.8862746357917786
https://naver.com,https://pm.pstatic.net/dist/js/preload.90d5e4f0.js,ads,0.9081186652183532
https://t.me,https://t.me/js/tgsticker.js,ads,0.8739058971405029
https://medium.com,https://cdn-client.medium.com/lite/static/js/8493.a90d1422.js,analytics,0.9764114022254944
https://outlook.com,https://az725175.vo.msecnd.net/scripts/jsll-4.js,ads,0.9634206891059875
https://gravatar.com,https://stats.wp.com/w.js,analytics,0.9537286162376404
https://yahoo.co.jp,https://yads.c.yimg.jp/js/yads-async.js,ads,0.9915001392364502
https://aliexpress.com,https://assets.alicdn.com/g/ae-fe/header-ui/0.0.78/src/ae-header.js,analytics,0.9989135265350342
https://salesforce.com,https://a.sfdcstatic.com/digital/@sfdc-www/clientlibs-web-components/v1-stable/top.js,ads,0.9999961853027344
https://salesforce.com,https://a.sfdcstatic.com/digital/one-trust/core/stable/scripttemplates/otSDKStub.js,ads,0.8121157884597778
https://salesforce.com,https://salesforce.com/c/public/exp/pbc/lwc/prod.bf7140bd.js,analytics,0.9998799562454224
https://salesforce.com,https://salesforce.com/c/public/exp/pbc/server/livechat.957da4bc3e839f132615.js,ads,0.9991387128829956
https://soundcloud.com,https://a-v2.sndcdn.com/assets/51-56a0d831.js,ads,0.8369099497795105
https://soundcloud.com,https://cdn.cookielaw.org/consent/7e62c772-c97a-4d95-8d0a-f99bbeadcf61/otSDKStub.js,ads,0.998506486415863
https://soundcloud.com,https://a-v2.sndcdn.com/assets/16-cbaae981.js,ads,0.8805222511291504
https://soundcloud.com,https://a-v2.sndcdn.com/assets/52-9374991e.js,analytics,0.8096081018447876
https://att.net,https://s.yimg.com/rq/darla/4-11-1/js/g-r-min.js,ads,0.9989117383956908
https://att.net,https://s.yimg.com/aaq/fp/js/tdv2-wafer-utils.customErrorHandler.9efebe2f6ece1db2fe1296f78b511780.js,analytics,0.946485698223114
https://att.net,https://s.yimg.com/aaq/wf/wf-form-1.33.1.js,analytics,0.8307399749755859
https://att.net,https://s.yimg.com/aaq/wf/wf-video-2.21.9.js,ads,0.9985736608505248
https://att.net,https://s.yimg.com/aaq/fp/js/react-wafer-scores.custom.default.36d0d5d53074cbbff4a4d35822977d7a.js,analytics,0.8250946998596191
https://att.net,https://s.yimg.com/aaq/fp/js/react-wafer-horoscope.custom.desktop.default.cf44509b45b430d65165b7367ff6689c.js,analytics,0.8250946998596191
https://att.net,https://s.yimg.com/aaq/c/788ab74.caas-hpgrid.min.js,analytics,0.9770594239234924
https://att.net,https://s.yimg.com/ss/rapid-3.53.38.js,ads,0.920845091342926
https://att.net,https://s.yimg.com/os/yaft/yaft-0.3.28.min.js,ads,0.9980024695396424
https://force.com,https://a.sfdcstatic.com/digital/one-trust/core/stable/scripttemplates/otSDKStub.js,ads,0.8121157884597778
https://force.com,https://www.salesforce.com/etc/clientlibs/sfdc-www/clientlibs_hgf_tbidauth.js,analytics,0.8384067416191101
https://force.com,https://www.salesforce.com/etc.bundles/sfdc-www/bundles/vendors~scriptloader~utils.bundle.90b3b83fc827edb414de.js,ads,0.9292719960212708
https://force.com,https://www.salesforce.com/etc.bundles/sfdc-www/bundles/scriptloader.bundle.90b3b83fc827edb414de.js,analytics,0.9905809760093688
https://digicert.com,https://assets.adobedtm.com/80bda08f0087/1015fcf0b78f/launch-EN214b022a648841a199bcc6b7b217acc1.min.js,marketing,0.884917676448822
https://digicert.com,https://digicert.com/etc.clientlibs/digicert/clientlibs/ui.search.js,analytics,0.8891426920890808
https://cnn.com,https://cdn.optimizely.com/public/125375509/s/landingprod.js,analytics,0.9999938011169434
https://cnn.com,https://static.chartbeat.com/js/chartbeat_mab.js,analytics,0.9958208799362184
https://archive.org,https://archive.org/offshoot_assets/vendor/@webcomponents/webcomponentsjs@2.6.0/webcomponents-loader.js,marketing,0.8625286817550659
https://archive.org,https://archive.org/offshoot_assets/js/webpack-runtime.359bee094bf802818f40.js,analytics,0.8096081018447876
https://sohu.com,https://cpro.baidustatic.com/cpro/ui/c.js,analytics,0.9982879757881165
https://sohu.com,https://cpro.baidustatic.com/cpro/ui/cm.js,analytics,0.9982879757881165
https://forbes.com,https://i.forbesimg.com/simple-site/nr-agent/index.js,analytics,0.8872302770614624
https://forbes.com,https://sdk.sharethrough.com/gc.js,ads,0.966958224773407
https://iqiyi.com,https://stc.iqiyipic.com/gaze/pcw/ssr/4379d24.js,analytics,0.8545279502868652
https://iqiyi.com,https://stc.iqiyipic.com/gaze/pcw/ssr/app.c58830dcc7b8e0c5595e.js,analytics,0.8952922224998474
https://stackoverflow.com,https://cdn.sstatic.net/Js/stub.en.js,marketing,0.9672294855117798
https://speechmatics.com,https://speechmatics.com/_next/static/chunks/4530-a60687f42b475fac.js,ads,0.9787696599960328
https://speechmatics.com,https://speechmatics.com/_next/static/chunks/3508-51c70ea80c496bff.js,ads,0.998349666595459
https://dnsmadeeasy.com,https://assets-global.website-files.com/6019c2730025bb47a28f7167/js/dnsmadeeasy.69eeeaa01.js,ads,0.8332083821296692
https://cisco.com,https://cisco.com/content/dam/cisco-cdc/site/framework/js/personalization-init.js,ads,0.9855556488037108
https://bbc.com,https://static.files.bbci.co.uk/cookies/37ffd9047501894465d18420118fa146/cookie-banner/cookie-banners.bundle.js,ads,0.9430314302444458
https://bbc.com,https://mybbc.files.bbci.co.uk/notification-ui/5.0.24//js/NotificationsMain.js,marketing,0.8648320436477661
https://w3.org,https://w3.org/2008/site/js/testimonial.js,ads,0.9997618794441224
https://aliyun.com,https://g.alicdn.com/hmod/??alicloud-security-and-global-presence/0.0.15/index-pc.js,analytics,0.8784075975418091
https://roblox.com,https://js.rbxcdn.com/5259cfe8a3e36118bd61120693dbba3ba87f2c3641f84bb07e29f1d69fe87523.js,ads,0.8444516658782959
https://roblox.com,https://js.rbxcdn.com/241b320daab4139ca0a006a40e2a505a0c437186d013792ba70beea8c3d943e0.js,analytics,0.9927278757095336
https://roblox.com,https://js.rbxcdn.com/a411b4655a0c97ad1d8209c2daa1e92b0dfc5d66716efcfea310f491aabf1ef6.js,analytics,0.9999983310699464
https://booking.com,https://cf.bstatic.com/psb/capla/static/js/382.797ab4d5.chunk.js,ads,0.8865131735801697
https://booking.com,https://cf.bstatic.com/psb/capla/static/js/579.1057abbf.chunk.js,ads,0.9504873752593994
https://booking.com,https://cf.bstatic.com/psb/capla/static/js/224.aa3eb77a.chunk.js,ads,0.9059252738952636
https://booking.com,https://cf.bstatic.com/psb/capla/static/js/664.7e8dc8c7.chunk.js,ads,0.8395680785179138
https://sberdevices.ru,https://cdn-app.sberdevices.ru/sberdevices/0.458.0/_next/static/chunks/1113-4732f46a23ed544d.js,analytics,0.9039362668991088
https://telegram.org,https://telegram.org/js/tgsticker.js,ads,0.8739058971405029
https://imgur.com,https://js.media-lab.ai/wana.2.4.2.js,ads,0.8338097333908081
https://imgur.com,https://www.google-analytics.com/analytics.js,analytics,0.9692782759666444
https://sourceforge.net,https://a.fsdn.com/con/js/sftheme/cmp2.js,ads,0.9970903396606444
https://bbc.co.uk,https://static.files.bbci.co.uk/core/bundle-defaultVendors.074276a238fe15e2fc4e.legacy.js,analytics,0.9171392917633056
https://1688.com,https://g.alicdn.com/AWSC/AWSC/awsc.js,ads,0.9994800686836244
https://1688.com,https://astyle.alicdn.com/app/home/v2016/common/js/webp.js,ads,0.8750050067901611
https://1688.com,https://g.alicdn.com/secdev/entry/index.js,ads,0.9861700534820556
https://researchgate.net,https://c5.rgstatic.net/javascript/bundles/runtime.42f68c.js,analytics,0.9859360456466676
https://tmall.com,https://g.alicdn.com/jstracker/sdk-assests/5.5.13/index.js,ads,0.997048318386078
https://tmall.com,https://g.alicdn.com/??code/lib/babel-polyfill/7.2.3/polyfill.min.js,analytics,0.9849460124969482
https://tmall.com,https://g.alicdn.com/code/npm/@ali/pegasus-project-newTm/0.0.16/pages/home/index.js,analytics,0.9991925358772278
https://oracle.com,https://oracle.com/product-navigator/_next/static/chunks/pages/_app-30978cdc756ed7aa.js,marketing,0.9878557324409484
https://creativecommons.org,https://player.vimeo.com/api/player.js,analytics,0.973683774471283
https://creativecommons.org,https://stats.wp.com/e-202318.js,analytics,0.9909027218818665
https://teamviewer.com,https://cdn.cookielaw.org/scripttemplates/otSDKStub.js,analytics,0.9821560978889464
https://teamviewer.com,https://teamviewer.com/etc.clientlibs/teamviewer/clientlibs/tenants/website-v2/clientlib-site.20230505121245.min.js,ads,0.9638354778289796
https://duckduckgo.com,https://duckduckgo.com/lib/l132.js,analytics,0.9806423783302308
https://duckduckgo.com,https://duckduckgo.com/d3201.js,ads,0.987491011619568
https://who.int,https://who.int/ResourcePackages/WHO/assets/dist/scripts/lib/select2.full.min.js,analytics,0.948136031627655
https://tradingview.com,https://static.tradingview.com/static/bundles/runtime.a4a8227ba8b50b5073df.js,ads,0.8154419660568237
https://tradingview.com,https://static.tradingview.com/static/bundles/30128.008c8299403bd13501f0.js,ads,0.9104691743850708
https://tradingview.com,https://static.tradingview.com/static/bundles/37864.c06bd3b49eef5bd43fa2.js,analytics,0.886201024055481
https://tradingview.com,https://static.tradingview.com/static/bundles/58953.e20128d54e4f764279f1.js,ads,0.8579530119895935
https://slack.com,https://cdn.cookielaw.org/scripttemplates/otSDKStub.js,analytics,0.9821560978889464
https://slack.com,https://d34u8crftukxnk.cloudfront.net/snippets/11179690159.js,analytics,0.9999966621398926
https://issuu.com,https://cdnjs.cloudflare.com/ajax/libs/react/17.0.2/umd/react.production.min.js,ads,0.999450981616974
https://issuu.com,https://static.isu.pub/fe/product-preview-frontend/152/client.js,analytics,0.8332624435424805
https://tencent.com,https://tencent.com/js/qrcode.js,ads,0.9996669292449952
https://deepl.com,https://static.deepl.com/js/common.chunk.$183133.js,ads,0.8974766135215759
https://discord.com,https://discord.com/assets/oneTrust/v4/scripttemplates/otSDKStub.js,analytics,0.8415588140487671
https://discord.com,https://discord.com/assets/3e7b25d173a49a13d79f.js,analytics,0.8096081018447876
https://discord.com,https://discord.com/assets/a3cf8b5bbb95909c7c71.js,analytics,0.9860218167304992
https://dell.com,https://i.dell.com/images/global/js/lib/jquery-1.2.2e.js,analytics,0.854184091091156
https://dell.com,https://i.dell.com/images/global/js/home88s.js,analytics,0.9483046531677246
https://linktr.ee,https://cdn-au.onetrust.com/scripttemplates/otSDKStub.js,analytics,0.9821560978889464
https://linktr.ee,https://website.linktr.ee/app-12adb0bd208feee74b05.js,analytics,0.9936467409133912
https://pixiv.net,https://s.pximg.net/www/js/build/runtime.1df84d4fb85c94bbc470.js,analytics,0.9859360456466676
https://pixiv.net,https://s.pximg.net/www/js/build/pixiv.2ddebb7b5c02f67b98d7.js,ads,0.8066700100898743
https://pixiv.net,https://a.pixiv.org/yufulight-cdn/apt.js,ads,0.8374350666999817
https://klarna.com,https://klarna.com/_next/static/chunks/webpack-d650383b5412f301f563.js,analytics,0.8096081018447876
https://klarna.com,https://klarna.com/_next/static/chunks/84afd3ba861b78d1ee8fdd5020b73ae8180797d2.030e22d1f29dc776efd0.js,analytics,0.9062131643295288
https://harvard.edu,https://www.harvard.edu/wp-includes/js/dist/vendor/wp-polyfill.min.js,ads,0.995732843875885
https://feishu.cn,https://lf16-oversea.goofy-cdn.com/obj/goofy-va/lark/iam/passport-js-apis-1.0.0.7.js,ads,0.9997368454933168
https://databricks.com,https://cdn.cookielaw.org/scripttemplates/otSDKStub.js,analytics,0.9821560978889464
https://atlassian.net,https://cdn.optimizely.com/js/1096093.js,analytics,0.9999957084655762
https://reg.ru,https://reg.ru/dist/head-scripts.83db5bffb238fe4d10f4.js,analytics,0.9993364214897156
https://wix.com,https://static.parastorage.com/unpkg/core-js-bundle@3.2.1/minified.js,analytics,0.9958539009094238
https://wix.com,https://static.parastorage.com/services/wix-thunderbolt/dist/thunderbolt-commons.6797ba1d.bundle.min.js,analytics,0.9842819571495056
https://tinyurl.com,https://a.pub.network/tinyurl-com/pubfig.min.js,ads,0.974442720413208
https://instructure.com,https://cdn.cookielaw.org/scripttemplates/otSDKStub.js,analytics,0.9821560978889464
https://instructure.com,https://app-ab20.marketo.com/js/forms2/js/forms2.min.js,analytics,0.995967984199524
https://instructure.com,https://munchkin.marketo.net/munchkin.js,analytics,0.9895765781402588
https://criteo.com,https://www.criteo.com/wp-content/themes/criteo2017/js/cookies.js,analytics,0.9485183358192444
https://criteo.com,https://www.criteo.com/wp-content/themes/criteo2017/js/select2.min.js,analytics,0.8120824694633484
https://criteo.com,https://www.criteo.com/wp-content/themes/criteo2017/js/theme.min.js,analytics,0.9048671722412108
https://huawei.com,https://huawei.com/Assets/corp/2020/js/common.js,analytics,0.966335654258728
https://amazonvideo.com,https://m.media-amazon.com/images/I/91AYXaZSnwL.js,analytics,0.963415801525116
https://amazonvideo.com,https://m.media-amazon.com/images/I/81rUB8BhLiL.js,analytics,0.9865568280220032
https://amazonvideo.com,https://m.media-amazon.com/images/I/41RjTA0hp7L.js,analytics,0.9043371677398682
https://digitalocean.com,https://digitalocean.com/_next/static/chunks/1600-b366e6836b99be9f.js,analytics,0.8667276501655579
https://nnip.com,https://nnip.com/responsible-investing/js/6124.bundle-5771aa.js,analytics,0.9399852752685548
https://nnip.com,https://nnip.com/responsible-investing/js/7856.bundle-5771aa.js,ads,0.9982861876487732
https://nnip.com,https://nnip.com/responsible-investing/js/7795.bundle-5771aa.js,analytics,0.9957646131515504
https://nnip.com,https://nnip.com/responsible-investing/js/7099.bundle-5771aa.js,analytics,0.9009307026863098
https://nnip.com,https://nnip.com/responsible-investing/js/4803.bundle-5771aa.js,analytics,0.8751235604286194
https://nnip.com,https://nnip.com/responsible-investing/js/main.bundle-5771aa.js,analytics,0.9413185119628906
https://ig.com,https://widget.trustpilot.com/bootstrap/v5/tp.widget.bootstrap.min.js,analytics,0.9868952631950378
https://ig.com,https://a.c-dn.net/b/4pbZox.js,ads,0.9529908895492554
https://ig.com,https://a.c-dn.net/c/etc.clientlibs/settings/wcm/designs/onedomain/1683217974000/clientlibs_main.min.js,ads,0.8370577096939087
https://ig.com,https://cdn.optimizely.com/js/5595260258.js,analytics,0.99999737739563
https://ig.com,https://dgs.ig.com/genesys-scripts/website/AE-en_AE.js,ads,0.9865873456001282
https://rackspace.com,https://cdn.cookielaw.org/scripttemplates/otSDKStub.js,analytics,0.9821560978889464
https://unsplash.com,https://unsplash.com/a/en-US/9814.6f17438028305219ba41.js,ads,0.999996781349182
https://unsplash.com,https://unsplash.com/a/en-US/3366.fd29e99c7ac1003b4b76.js,ads,0.9983135461807252
https://unsplash.com,https://unsplash.com/a/en-US/7868.71af7ecff021e7c7a3a9.js,analytics,0.8211248517036438
https://php.net,https://php.net/cached.php?t=1657876202&f=/js/ext/mousetrap.min.js,analytics,0.9993268251419068
https://php.net,https://php.net/cached.php?t=1671018002&f=/js/common.js,analytics,0.8006266355514526
https://hubspot.com,https://cdn-3.convertexperiments.com/js/10031559-1003891.js,analytics,0.9390370845794678
https://hubspot.com,https://www.hubspot.com/wt-assets/static-files/compliance/index.js,analytics,0.9811182618141174
https://hubspot.com,https://js.hs-banner.com/v2/53/banner.js,analytics,0.8964022994041443
https://hubspot.com,https://hubspot.com/hs/scriptloader/53.js,marketing,0.995741844177246
https://ally.com,https://secure.ally.com/static-assets/js/transmit/transmit-ui-5.1.0.min.js,ads,0.9083757996559144
https://ally.com,https://ally.com/etc.clientlibs/ally-core/clientlibs/allysf.e4b065f6335c7ed9afaebbd1889a4c2d.js,ads,0.9985107779502868
https://ally.com,https://ally.com/content/dam/static/js/ext/ven/ddog/datadog.2.0.js,analytics,0.8021153211593628
https://ally.com,https://ally.com/etc.clientlibs/storefront/components/navigation/nav-links/v1/nav-links/clientlibs.b72f48c00800992b3ab8568bdae54b1b.js,analytics,0.9842231869697572
https://ring.com,https://cdn.optimizely.com/js/3179610124.js,analytics,0.999974012374878
https://walmart.com,https://i5.walmartimages.com/beacon/beacon.js,ads,0.8773938417434692
https://walmart.com,https://i5.walmartimages.com/dfw/63fd9f59-df31/fec965c1-ffff-4177-a066-037a6617fbf3/v2/en-US/_next/static/chunks/node_modules_.pnpm_isomorphic-dompurify@0.13_node_modules_isomorphic-dompurify_browser-fa64bcd6cd41ebb5.js,ads,0.9991044402122498
https://youku.com,https://g.alicdn.com/AWSC/AWSC/awsc.js,ads,0.9994800686836244
https://youku.com,https://g.alicdn.com/mm/yksdk/0.2.0/pagesdk.js,analytics,0.8499041199684143
https://youku.com,https://g.alicdn.com/youku-node/pc-pages-v2/2.2.10/static/js/vendor.chunk.js,analytics,0.8859297037124634
https://cnbc.com,https://assets.adobedtm.com/a2ef59fba8e9/d6969c3828c3/launch-1ee49e3e9eb5.min.js,ads,0.8565075993537903
https://slideshare.net,https://cmp.osano.com/AzZdHGSGtpxCq1Cpt/079b27eb-bb3f-48dd-9bd9-3feb8aec3c38/osano.js,ads,0.9444279074668884
https://slideshare.net,https://public.slidesharecdn.com/v2/javascripts/assets/common/sgc.e8fc08b072b6cb5aabbc.js,analytics,0.8558909893035889
https://weather.com,https://securepubads.g.doubleclick.net/tag/js/gpt.js,ads,0.9531306028366088
https://weather.com,https://micro.rubiconproject.com/prebid/dynamic/10738.js,ads,0.8174573183059692
https://weather.com,https://cdn.adsafeprotected.com/iasPET.1.js,ads,0.9782967567443848
https://trello.com,https://bxp-content-static.prod.public.atl-paas.net/js/9801.9302afdc10befafe4df6.min.js,analytics,0.9949777722358704
https://trello.com,https://bxp-content-static.prod.public.atl-paas.net/js/react-markdown.4dfda14ad2ff9018c8ff.min.js,analytics,0.9652684926986694
https://trello.com,https://bxp-content-static.prod.public.atl-paas.net/js/UiColumn.e2b148776b2d031a1ed5.min.js,analytics,0.8583184480667114
https://trello.com,https://bxp-content-static.prod.public.atl-paas.net/js/UiTextBlock.478d6c6ac2b74cb9d52c.min.js,ads,0.8296104073524475
https://att.com,https://att.com/scripts/adobe/virtual/detm-container-hdr.js,ads,0.9284525513648988
https://att.com,https://att.com/mktg/v1/_next/static/4.62.1/pages/index.js,analytics,0.927754819393158
https://att.com,https://att.com/mktg/v1/_next/static/chunks/1.195c6a5aba81357ac20b.js,analytics,0.8560782670974731
https://att.com,https://att.com/mktg/v1/_next/static/runtime/webpack-aec2bf6265e997b058b9.js,analytics,0.9696208834648132
https://att.com,https://att.com/mktg/v1/_next/static/chunks/36c12205.753727004a0e35355642.js,ads,0.8739112019538879
https://att.com,https://att.com/mktg/v1/_next/static/chunks/309c1c25.09eae792ad24277fa117.js,ads,0.9852772355079652
https://att.com,https://att.com/mktg/v1/_next/static/chunks/14442d92f7eb012352db4dcc73fb1a5f022a84ed.7e9d3d630ac0fb31673d.js,ads,0.8091665506362915
https://espn.com,https://a.espncdn.com/redesign/0.641.2/js/espn-head.js,ads,0.9570648074150084
https://espn.com,https://a.espncdn.com/redesign/0.641.2/node_modules/espn-lazysizes/lazysizes.min.js,analytics,0.8747621774673462
https://kaspersky.com,https://kaspersky.com/siterenderer/_next/static/chunks/commons.f13dc4406d135c97.js,analytics,0.99276602268219
https://kaspersky.com,https://kaspersky.com/siterenderer/_next/static/chunks/623.7f32492d9a4cac8f.js,ads,0.9470752477645874
https://kaspersky.com,https://kaspersky.com/siterenderer/_next/static/chunks/4804.e56bc4d258a95eff.js,ads,0.9193819165229796
https://kaspersky.com,https://kaspersky.com/siterenderer/_next/static/chunks/Baseline.MastheadHome.53ffcc1ce03235b1.js,analytics,0.8190141320228577
https://kaspersky.com,https://kaspersky.com/siterenderer/_next/static/chunks/4825.04b1e157b0117ba3.js,ads,0.8773433566093445
https://kaspersky.com,https://kaspersky.com/siterenderer/_next/static/chunks/main-2005ff8c1ced2987.js,marketing,0.8382927179336548
https://kaspersky.com,https://kaspersky.com/siterenderer/_next/static/chunks/pages/_app-3c15fa4057b46ca1.js,analytics,0.9553099274635316
https://onlyfans.com,https://static.onlyfans.com/theme/onlyfans/spa/chunk-vendors-c0d76f48.js,analytics,0.914554238319397
https://onlyfans.com,https://static.onlyfans.com/theme/onlyfans/spa/chunk-vendors-0fb47c1d.js,ads,0.8116806149482727
https://onlyfans.com,https://static.onlyfans.com/theme/onlyfans/spa/chunk-vendors-b82ec867.js,analytics,0.9999847412109376
https://onlyfans.com,https://static.onlyfans.com/theme/onlyfans/spa/chunk-vendors-cd6fb304.js,ads,0.9248814582824708
https://onlyfans.com,https://static.onlyfans.com/theme/onlyfans/spa/chunk-vendors-d6505a0b.js,analytics,0.9703149795532228
https://onlyfans.com,https://static.onlyfans.com/theme/onlyfans/spa/chunk-vendors-e69e779d.js,ads,0.9999922513961792
https://onlyfans.com,https://static.onlyfans.com/theme/onlyfans/spa/chunk-vendors-7e00367a.js,analytics,0.9485183358192444
https://onlyfans.com,https://static.onlyfans.com/theme/onlyfans/spa/chunk-vendors-576e7658.js,analytics,0.9485183358192444
https://onlyfans.com,https://static.onlyfans.com/theme/onlyfans/spa/chunk-vendors-16203e9a.js,ads,0.9548370242118835
https://onlyfans.com,https://static.onlyfans.com/theme/onlyfans/spa/chunk-vendors-ec069832.js,ads,0.8664163947105408
https://onlyfans.com,https://static.onlyfans.com/theme/onlyfans/spa/chunk-vendors-481c0864.js,analytics,0.8601736426353455
https://onlyfans.com,https://static.onlyfans.com/theme/onlyfans/spa/chunk-vendors-483868f2.js,analytics,0.928109049797058
https://onlyfans.com,https://static.onlyfans.com/theme/onlyfans/spa/chunk-vendors-7533ea38.js,analytics,0.9685782194137572
https://flipkart.com,https://static-assets-web.flixcart.com/fk-p-linchpin-web/fk-cp-zion/js/BannerWidget.chunk.2dffd63c.js,ads,0.9836251139640808
https://figma.com,https://figma.com/app-564041e4214b39672bc5.js,analytics,0.9963305592536926
https://swisscom.ch,https://rcp.scsstatic.ch/etc.clientlibs/swisscom/clientlibs/webpack-generated/resources/565.c51f6e2e6f154cf7740a.js,analytics,0.9867318272590636
https://swisscom.ch,https://rcp.scsstatic.ch/etc.clientlibs/swisscom/clientlibs/webpack-generated/resources/455.462922c3ff5900a36ac9.js,ads,0.818901777267456
https://swisscom.ch,https://rcp.scsstatic.ch/etc.clientlibs/swisscom/clientlibs/webpack-generated/resources/611.a385b52d64c885047d95-legacy.js,analytics,0.9867318272590636
https://swisscom.ch,https://rcp.scsstatic.ch/etc.clientlibs/swisscom/clientlibs/webpack-generated/resources/319.2a04928098ef0f4d74d2-legacy.js,ads,0.818901777267456
https://swisscom.ch,https://rcp.scsstatic.ch/etc.clientlibs/core/wcm/components/commons/site/clientlibs/container.min.c8339545b501e3db3abc37c9a4cc2d6e.js,analytics,0.9957864880561828
https://3dmgame.com,https://dup.baidustatic.com/js/ds.js,analytics,0.9982879757881165
https://line.me,https://line.me/commons.js,analytics,0.9418988823890686
https://line.me,https://line.me/webpack-runtime.js,analytics,0.9859360456466676
https://deviantart.com,https://static.parastorage.com/unpkg/react@17.0.2/umd/react.production.min.js,ads,0.999450981616974
https://deviantart.com,https://a.pub.network/deviantart-com/pubfig.min.js,ads,0.974442720413208
https://grammarly.com,https://static.grammarly.com/assets/js/a7333a7520b33a9f0936/main.js,ads,0.8551098704338074
https://grammarly.com,https://static.grammarly.com/assets/js/295eed71a40c9f701037/home.js,analytics,0.822740912437439
https://sogou.com,https://dlweb.sogoucdn.com/pcsearch/web/index/js/suggbase_d6fdc37.js,analytics,0.986415445804596
https://sogou.com,https://dlweb.sogoucdn.com/pcsearch/web/index/js/searchbase_453304b.js,analytics,0.8722521662712097
https://typeform.com,https://cdn.cookielaw.org/scripttemplates/otSDKStub.js,analytics,0.9821560978889464
https://typeform.com,https://typeform.com/_next/static/chunks/3508.c0de01c850083339.js,analytics,0.9940952062606812
https://fc2.com,https://static.fc2.com/share/fc2parts/js/common_design.js,analytics,0.9997696280479432
https://w3schools.com,https://cdn.snigelweb.com/adengine/w3schools.com/loader.js,ads,0.9868690371513368
https://w3schools.com,https://w3schools.com/lib/user-session.js,analytics,0.982563018798828
https://eventbrite.com,https://cdn.evbstatic.com/s3-build/fe/build/4031.8915b57ce6f1d92c7d3f.async.web.js,analytics,0.997626006603241
https://eventbrite.com,https://cdn.evbstatic.com/s3-build/fe/build/4061.71b4540a8ae4b56cb249.async.web.js,ads,0.9004881381988525
https://eventbrite.com,https://cdn.evbstatic.com/s3-build/fe/build/1809.747c90ba2101442f1ff4.async.web.js,analytics,0.8373830914497375
https://trustpilot.com,https://cdn.cookielaw.org/scripttemplates/otSDKStub.js,analytics,0.9821560978889464
https://trustpilot.com,https://consumersite-assets.trustpilot.net/consumersite-home/_next/static/chunks/851-338228fdba3fe7cc.js,ads,0.9264563918113708
https://trustpilot.com,https://consumersite-assets.trustpilot.net/consumersite-home/_next/static/chunks/270-c91e8119a42650d6.js,analytics,0.9290876388549804
https://snapchat.com,https://www.google-analytics.com/analytics.js,analytics,0.9692782759666444
https://xiaomi.com,https://s05.appmifile.com/sgp/spps_files/store/0.16.0/js/ae/runtime.js,analytics,0.978411078453064
https://xiaomi.com,https://s05.appmifile.com/sgp/spps_files/store/0.16.0/js/3253.chunk.js,analytics,0.9039362668991088
https://xiaomi.com,https://s05.appmifile.com/sgp/spps_files/store/0.16.0/js/2418.chunk.js,ads,0.9988125562667848
https://xiaomi.com,https://s05.appmifile.com/sgp/spps_files/store/0.16.0/js/8986.chunk.js,analytics,0.967359721660614
https://xiaomi.com,https://s05.appmifile.com/sgp/spps_files/store/0.16.0/js/4965.chunk.js,ads,0.961789846420288
https://tistory.com,https://developers.kakao.com/sdk/js/kakao.min.js,analytics,0.9996080994606018
https://tistory.com,https://t1.daumcdn.net/tistory_admin/assets/tistory-web-top/1682298798/static/js/T.auth.js,analytics,0.9485183358192444
https://tistory.com,https://t1.daumcdn.net/tistory_admin/assets/tistory-web-top/1682298798/static/js/pc/T.p.top.js,analytics,0.9683626294136048
https://npr.org,https://cdn.cookielaw.org/scripttemplates/otSDKStub.js,analytics,0.9821560978889464
https://npr.org,https://cdn.optimizely.com/js/11107397707.js,analytics,0.999975085258484
https://hupu.com,https://w1.hoopchina.com.cn/rig-reporter/jssdk/rigReporter.min.0.0.28.js,analytics,0.8344720005989075
https://aol.com,https://s.yimg.com/aaq/wf/wf-video-2.21.8.js,ads,0.9985736608505248
https://aol.com,https://s.yimg.com/ss/rapid3.js,ads,0.920845091342926
https://aol.com,https://s.yimg.com/os/yaft/yaft-0.3.29.min.js,ads,0.9980024695396424
https://aol.com,https://s.aolcdn.com/caas-assets-production/assets/v1/jac.9be9258702b5f14c.js,ads,0.9848054051399232
https://cnet.com,https://securepubads.g.doubleclick.net/tag/js/gpt.js,ads,0.9531306028366088
https://cnet.com,https://js-sec.indexww.com/ht/p/183728-131299786738785.js,ads,0.9999984502792358
https://cnet.com,https://c.amazon-adsystem.com/aax2/apstag.js,ads,0.999830961227417
https://cnet.com,https://cdn.cookielaw.org/scripttemplates/otSDKStub.js,analytics,0.9821560978889464
https://cnet.com,https://www.cnet.com/a/neutron/596186b.js,analytics,0.8096081018447876
https://cnet.com,https://www.cnet.com/a/neutron/4eaa13a.modern.js,analytics,0.8096081018447876
https://cnet.com,https://www.cnet.com/a/neutron/29b5fb7.modern.js,analytics,0.9659539461135864
https://cnet.com,https://www.cnet.com/a/neutron/ad62326.js,ads,0.9924461245536804
https://cnet.com,https://www.cnet.com/a/neutron/b82857c.modern.js,ads,0.9924461245536804
https://cnet.com,https://www.cnet.com/a/neutron/1dcf6f5.modern.js,ads,0.9833269715309144
https://cnet.com,https://www.cnet.com/a/neutron/421b18b.js,analytics,0.9621984958648682
https://cnet.com,https://www.cnet.com/a/neutron/a8445e8.modern.js,analytics,0.9621984958648682
https://cnet.com,https://www.cnet.com/a/neutron/bb5c4b3.js,analytics,0.9759815335273744
https://cnet.com,https://www.cnet.com/a/neutron/891e4fe.modern.js,analytics,0.9759815335273744
https://cnet.com,https://www.cnet.com/a/neutron/556fa52.js,analytics,0.9530128836631776
https://cnet.com,https://www.cnet.com/a/neutron/895f685.js,ads,0.8256423473358154
https://youdao.com,https://shared.ydstatic.com/js/rlog/v1.js,analytics,0.9954166412353516
https://youdao.com,https://shared.ydstatic.com/market/souti/web_dict/online/2.7.3/dist/client/6f853c7.js,analytics,0.8096081018447876
https://time.com,https://cdn.cookielaw.org/scripttemplates/otSDKStub.js,analytics,0.9821560978889464
https://time.com,https://c.amazon-adsystem.com/aax2/apstag.js,ads,0.999830961227417
https://time.com,https://securepubads.g.doubleclick.net/tag/js/gpt.js,ads,0.9531306028366088
https://time.com,https://pub.doubleverify.com/dvtag/21226187/DV759520/pub.js,analytics,0.9541530013084412
https://time.com,https://cdn.jwplayer.com/libraries/1BWlFwPe.js,ads,0.9995984435081482
https://time.com,https://s.ntv.io/serve/load.js,analytics,0.9890342950820924
https://foxnews.com,https://static.foxnews.com/static/isa/core.js,ads,0.8110329508781433
https://chaturbate.com,https://static-assets.highwebmedia.com/CACHE/js/output.22fcc6ddd7fb.js,ads,0.9857336282730104
https://surveymonkey.com,https://prod.smassets.net/assets/website/2.214.0/2805.bundle.js,ads,0.9913450479507446
https://surveymonkey.com,https://prod.smassets.net/assets/website/2.214.0/6427.bundle.js,ads,0.9462863206863404
https://surveymonkey.com,https://prod.smassets.net/assets/website/2.214.0/8130.bundle.js,ads,0.9875771999359132
https://surveymonkey.com,https://prod.smassets.net/assets/website/2.214.0/8048.bundle.js,analytics,0.9996273517608644
https://surveymonkey.com,https://prod.smassets.net/assets/website/2.214.0/7054.bundle.js,ads,0.9925703406333924
https://surveymonkey.com,https://prod.smassets.net/assets/website/2.214.0/6830.bundle.js,ads,0.9635043740272522
https://surveymonkey.com,https://prod.smassets.net/assets/website/2.214.0/3188.bundle.js,ads,0.891386866569519
https://surveymonkey.com,https://prod.smassets.net/assets/website/2.214.0/9223.bundle.js,analytics,0.9982604384422302
https://surveymonkey.com,https://prod.smassets.net/assets/website/2.214.0/1238.bundle.js,ads,0.9829890131950378
https://goodreads.com,https://s.gr-assets.com/assets/desktop/libraries-c07ee2e4be9ade4a64546b3ec60b523b.js,ads,0.9996330738067628
https://udemy.com,https://cdn.cookielaw.org/scripttemplates/otSDKStub.js,analytics,0.9821560978889464
https://udemy.com,https://udemy.com/staticx/udemy/js/webpack/entry-main-manifest.33f9792bc085bd758568.js,analytics,0.9585207104682922
https://notion.so,https://notion.so/_next/static/chunks/7632-8fc8ef769fbd60a1.js,ads,0.9434276819229126
https://notion.so,https://notion.so/_next/static/chunks/9873-c8a61a2c7bcb09b5.js,analytics,0.825587809085846
https://notion.so,https://notion.so/_next/static/chunks/3626-29d110653566e9b3.js,ads,1.0
https://notion.so,https://notion.so/_next/static/chunks/1899-77239814b9fc79b1.js,ads,0.984531044960022
https://mcafee.com,https://mcafee.com/content/dam/consumer/template-scripts/organic-site/js/component-scripts/index-4up-opt.js,analytics,0.938504159450531
https://mcafee.com,https://www.surveycarrot.com/js/image_view.js,ads,0.9461914896965028
https://telegraph.co.uk,https://static.telegraph.co.uk/telegraph-advertising/tmg-cmp.min.js,ads,0.9877600073814392
https://telegraph.co.uk,https://static.telegraph.co.uk/telegraph-advertising/tmg-gpt.min.js,ads,0.8045656085014343
https://eastmoney.com,https://emcharts.dfcfw.com/emsider/prod/emsider.min.js,analytics,0.9541530013084412
https://eastmoney.com,https://emcharts.dfcfw.com/usercollect/usercollect.min.js,analytics,0.8491089344024658
https://eastmoney.com,https://bdstatics.eastmoney.com/web/prd/jump_tracker.js,ads,0.998933970928192
https://name.com,https://cookie-cdn.cookiepro.com/scripttemplates/otSDKStub.js,analytics,0.9821560978889464
https://name.com,https://namedotcom-cdn.name.tools/js/main_v2h-beb02d2-230103.js,analytics,0.8343865871429443
https://scribd.com,https://cmp.osano.com/AzZdHGSGtpxCq1Cpt/4e10b135-d113-4574-a477-270ace40bba7/osano.js,ads,0.96384596824646
https://52pojie.cn,https://static.52pojie.cn/cache/common.js,analytics,0.9941310286521912
https://52pojie.cn,https://static.52pojie.cn/cache/forum.js,analytics,0.8835888504981995
https://52pojie.cn,https://cbjs.baidu.com/js/m.js,analytics,0.9982879757881165
https://yelp.com,https://www.google-analytics.com/analytics.js,analytics,0.9692782759666444
https://yelp.com,https://s3-media0.fl.yelpcdn.com/assets/srv0/cdn_assets/d86dcdbfed4c/assets/vendor/react/18.2.0/umd/react.production.min.js,ads,0.9997844099998474
https://yelp.com,https://s3-media0.fl.yelpcdn.com/assets/public/module_yelp-frontend_lib-yelp-react-component-button-19.0.2.yji-ca47caa9433c8e217846.js,analytics,0.9485183358192444
https://yelp.com,https://s3-media0.fl.yelpcdn.com/assets/public/module_yelp-frontend_lib-yelp-react-component-typography-20.0.1.yji-b8f72e9be61c2f666d23.js,analytics,0.9485183358192444
https://yelp.com,https://s3-media0.fl.yelpcdn.com/assets/public/module_yelp-frontend_lib-yelp-react-component-photo-box-15.0.1.yji-461481abf926346e3be2.js,analytics,0.9485183358192444
https://yelp.com,https://s3-media0.fl.yelpcdn.com/assets/public/module_yelp-frontend_shared-34b69f88d25c48934dbffcf64130775687e0ff73.yji-69b243357d9b2e1f4579.js,analytics,0.9485079646110536
https://yelp.com,https://s3-media0.fl.yelpcdn.com/assets/public/module_yelp-frontend_shared-fb15414b464156848ee4b6da7e0052127c33ddcd.yji-214400ed4aad3da578ac.js,analytics,0.9485183358192444
https://yelp.com,https://s3-media0.fl.yelpcdn.com/assets/public/module_yelp-frontend_shared-02f6f3d895d5e22cbc5a5d36bc49fa3386e6fa21.yji-aa870b341615890b3d63.js,analytics,0.9485183358192444
https://yelp.com,https://s3-media0.fl.yelpcdn.com/assets/public/module_yelp-frontend_shared-b0bc7c0d65c9eca1d65f27c350899520bce99b4f.yji-0ad2a0de80d37bf23b92.js,analytics,0.8513278961181641
https://yelp.com,https://s3-media0.fl.yelpcdn.com/assets/public/module_yelp-frontend_shared-70a71739246a6e860b8f973b1228044bcce1a3ae.yji-6f25201da8c8206fd9d1.js,ads,0.9747995138168336
https://yelp.com,https://s3-media0.fl.yelpcdn.com/assets/public/module_yelp-frontend_shared-256cad788c84c0042ff22a1351b0cfbdbc9d46d7.yji-244e1f718f4e935f93df.js,analytics,0.8539832234382629
https://yelp.com,https://s3-media0.fl.yelpcdn.com/assets/public/module_yelp-frontend_gondola-homepage.yji-12ff5ccb041f6790cec9.js,analytics,0.9500274062156676
https://statista.com,https://cdn.cookielaw.org/consent/acb8c41d-343d-47fb-b0bc-ac829c6b6853/otSDKStub.js,analytics,0.8625801801681519
https://swisscom.com,https://rcp.scsstatic.ch/etc.clientlibs/swisscom/clientlibs/webpack-generated/resources/565.c51f6e2e6f154cf7740a.js,analytics,0.9867318272590636
https://swisscom.com,https://rcp.scsstatic.ch/etc.clientlibs/swisscom/clientlibs/webpack-generated/resources/455.462922c3ff5900a36ac9.js,ads,0.818901777267456
https://swisscom.com,https://rcp.scsstatic.ch/etc.clientlibs/swisscom/clientlibs/webpack-generated/resources/611.a385b52d64c885047d95-legacy.js,analytics,0.9867318272590636
https://swisscom.com,https://rcp.scsstatic.ch/etc.clientlibs/swisscom/clientlibs/webpack-generated/resources/319.2a04928098ef0f4d74d2-legacy.js,ads,0.818901777267456
https://swisscom.com,https://rcp.scsstatic.ch/etc.clientlibs/core/wcm/components/commons/site/clientlibs/container.min.c8339545b501e3db3abc37c9a4cc2d6e.js,analytics,0.9957864880561828
https://ted.com,https://cdn.cookielaw.org/scripttemplates/otSDKStub.js,analytics,0.9821560978889464
https://ted.com,https://ted.com/_next/static/chunks/8580-8c7a549d8eb41c9d.js,analytics,0.899479329586029
https://ted.com,https://ak.sail-horizon.com/spm/spm.v1.min.js,analytics,0.8956990838050842
https://g.page,https://www.google-analytics.com/analytics.js,analytics,0.9692782759666444
https://themeforest.net,https://assets.market-storefront.envato-static.com/storefront/assets/datadog-8974f4d7138fe9a8e12607e28ba03a0b7528f198a0ebea2cdeb6f682ce8500e3.js,ads,0.8621885776519775
https://themeforest.net,https://assets.market-storefront.envato-static.com/storefront/assets/rollbar-99e6ef6a39751c767defa8ba9dd752fbcecdd55ca915802049f538e00196bc4b.js,ads,0.8184642791748047
https://adobe.io,https://www.adobe.com/etc.clientlibs/globalnav/clientlibs/base/privacy-standalone.js,ads,0.856562614440918
https://adobe.io,https://adobe.io/dev-site-assets/5133e5b8dec74a37e2b1.js,analytics,0.8721350431442261
https://wired.com,https://cdn.cookielaw.org/scripttemplates/otSDKStub.js,analytics,0.9821560978889464
https://wired.com,https://securepubads.g.doubleclick.net/tag/js/gpt.js,ads,0.9531306028366088
https://wired.com,https://z.moatads.com/condenastprebidheader987326845656/moatheader.js,ads,0.998167872428894
https://wired.com,https://martech.condenastdigital.com/lib/martech.js,analytics,0.9935078620910645
https://wired.com,https://wired.com/verso/static/5565.3082077f6f04000a4d46.js,analytics,0.9515300393104552
https://wired.com,https://wired.com/verso/static/4332.d75ff921d54f9fa967f8.js,analytics,0.907368302345276
https://wired.com,https://wired.com/verso/static/37.0f0856a0ecec2d87c5e2.js,analytics,0.9638052582740784
https://wired.com,https://wired.com/verso/static/9928.0e4beeced22d0cc2c02f.js,analytics,0.9696162939071656
https://wired.com,https://wired.com/verso/static/5135.2624174b516f1b5bf6a5.js,analytics,0.9883520007133484
https://eslgaming.com,https://esl.com/wp-includes/js/dist/vendor/wp-polyfill.min.js,ads,0.995732843875885
https://eslgaming.com,https://esl.com/wp-content/plugins/elementor-pro/assets/js/elements-handlers.min.js,ads,0.8957870006561279
https://eslgaming.com,https://esl.com/wp-content/plugins/powerpack-elements/assets/lib/tooltipster/tooltipster.min.js,analytics,0.9991299510002136
https://rakuten.co.jp,https://r.r10s.jp/com/js/d/shisa/1.1.6/shisa.min.js,analytics,0.9475309252738952
https://rakuten.co.jp,https://r.r10s.jp/com/js/d/Rmodules/1.28/Rmodules-1.28.3.min.js,ads,0.9651188254356384
https://rakuten.co.jp,https://r.r10s.jp/com/assets/app/pages/top/javascript/vendors-3f5bf962407f13b2b8f2.bundle.js,ads,0.9899521470069884
https://rakuten.co.jp,https://r.r10s.jp/com/assets/app/pages/top/javascript/pc~touch-3f5bf962407f13b2b8f2.bundle.js,analytics,0.8247541785240173
https://rakuten.co.jp,https://r.r10s.jp/com/assets/app/pages/top/javascript/main-3f5bf962407f13b2b8f2.bundle.js,ads,0.8131812810897827
https://rakuten.co.jp,https://s-cdn.rmp.rakuten.co.jp/js/aa.js,ads,0.9999536275863647
https://rakuten.co.jp,https://ias.r10s.jp/grp15/ichiba.js,ads,0.8888768553733826
https://casalemedia.com,https://player.vimeo.com/api/player.js,analytics,0.973683774471283
https://casalemedia.com,https://www.indexexchange.com/wp-includes/js/dist/vendor/wp-polyfill.min.js,ads,0.995732843875885
https://casalemedia.com,https://www.indexexchange.com/vendor/altis/consent/dist/js/main.js,analytics,0.909598469734192
https://mi.com,https://s05.appmifile.com/sgp/spps_files/store/0.16.0/js/ae/runtime.js,analytics,0.978411078453064
https://mi.com,https://s05.appmifile.com/sgp/spps_files/store/0.16.0/js/3253.chunk.js,analytics,0.9039362668991088
https://mi.com,https://s05.appmifile.com/sgp/spps_files/store/0.16.0/js/2418.chunk.js,ads,0.9988125562667848
https://mi.com,https://s05.appmifile.com/sgp/spps_files/store/0.16.0/js/8986.chunk.js,analytics,0.967359721660614
https://mi.com,https://s05.appmifile.com/sgp/spps_files/store/0.16.0/js/4965.chunk.js,ads,0.961789846420288
https://mailchimp.com,https://cdn.optimizely.com/js/8896740779.js,analytics,0.999996781349182
https://mailchimp.com,https://mailchimp.com/release/plums/cxp/js/index.c4d81fce.1.js,analytics,0.9192241430282592
https://mysql.com,https://labs.mysql.com/common/js/site-20221201.min.js,analytics,0.9682189226150512
https://mysql.com,https://www.oracle.com/asset/web/js/oracle-chat.js,analytics,0.924220085144043
https://healthline.com,https://cdn.adsafeprotected.com/iasPET.1.js,ads,0.9782967567443848
https://healthline.com,https://securepubads.g.doubleclick.net/tag/js/gpt.js,ads,0.9531306028366088
https://healthline.com,https://www.google-analytics.com/analytics.js,analytics,0.9692782759666444
https://healthline.com,https://cohesion.healthline.com/cohesion/cohesion-tpo.min.js,ads,0.9925708174705504
https://healthline.com,https://c.amazon-adsystem.com/aax2/apstag.js,ads,0.999830961227417
https://healthline.com,https://assets.healthline.com/_next/vendor-92df9-legacy.js,analytics,0.8727500438690186
https://healthline.com,https://assets.healthline.com/_next/b8972d37-d493-4690-8cb7-bcf7c8e389d7/hl/pages/home-page.js,analytics,0.9885717034339904
https://nvidia.com,https://cdn.cookielaw.org/scripttemplates/otSDKStub.js,analytics,0.9821560978889464
https://nvidia.com,https://static.queue-it.net/script/queueclient.min.js,analytics,0.8924742937088013
https://nvidia.com,https://nvidia.com/etc/designs/nvidiaGDC/clientlibs_nvform_commons.min.48d67ef751b8319f9c5082c662c5bc2d.js,analytics,0.9485183358192444
https://nvidia.com,https://nvidia.com/etc.clientlibs/fd/af/runtime/clientlibs/I18N/en.min.def6e9c453077841934d3b561d13d3cd.js,analytics,0.8792901039123535
https://nvidia.com,https://nvidia.com/etc.clientlibs/clientlibs/granite/jquery/granite/csrf.min.652a558c3774088b61b0530c184710d1.js,analytics,0.8188393712043762
https://drom.ru,https://c.rdrom.ru/js/bundles/f729e144453a227b4c3ac9750c557ac0.09dfc948d697da95838a.js,analytics,0.9802360534667968
https://livejournal.com,https://vp.rambler.ru/player/sdk.js,ads,0.935871958732605
https://livejournal.com,https://l-stat.livejournal.net/js/??.ljlib.js,analytics,0.8705698251724243
https://squarespace.com,https://static1.squarespace.com/static/ta/5134cbefe4b0c6fb04df8065/11593/scripts/components/side-by-side-inline.js,ads,0.986650049686432
https://squarespace.com,https://static1.squarespace.com/static/ta/5134cbefe4b0c6fb04df8065/11593/scripts/components/side-by-side-inline.js,ads,0.986650049686432
https://squarespace.com,https://static1.squarespace.com/static/ta/5134cbefe4b0c6fb04df8065/11593/scripts/components/side-by-side-inline.js,ads,0.986650049686432
https://squarespace.com,https://static1.squarespace.com/static/ta/5134cbefe4b0c6fb04df8065/11593/scripts/components/side-by-side-inline.js,ads,0.986650049686432
https://squarespace.com,https://static1.squarespace.com/static/ta/5134cbefe4b0c6fb04df8065/11593/scripts/components/side-by-side-inline.js,ads,0.986650049686432
https://squarespace.com,https://static1.squarespace.com/static/ta/5134cbefe4b0c6fb04df8065/11593/scripts/components/side-by-side-inline.js,ads,0.986650049686432
https://squarespace.com,https://static1.squarespace.com/static/ta/5134cbefe4b0c6fb04df8065/11593/scripts/components/side-by-side-inline.js,ads,0.986650049686432
https://squarespace.com,https://static1.squarespace.com/static/ta/5134cbefe4b0c6fb04df8065/11593/scripts/components/side-by-side-inline.js,ads,0.986650049686432
https://squarespace.com,https://static1.squarespace.com/static/ta/5134cbefe4b0c6fb04df8065/11593/scripts/components/side-by-side-inline.js,ads,0.986650049686432
https://squarespace.com,https://static1.squarespace.com/static/ta/5134cbefe4b0c6fb04df8065/11593/scripts/components/style-guide-grid.js,analytics,0.9441593885421752
https://roku.com,https://www.roku.com/intl/s/1677153706345/runtime/page.js,analytics,0.9989711046218872
https://cambridge.org,https://cdn-ukwest.onetrust.com/scripttemplates/otSDKStub.js,analytics,0.9821560978889464
https://marriott.com,https://marriott.com/ruxitagentjs_ICA27NQVfhjqrux_10263230321103025.js,analytics,0.8694295883178711
https://independent.co.uk,https://securepubads.g.doubleclick.net/tag/js/gpt.js,ads,0.9531306028366088
https://gitee.com,https://e-assets.gitee.com/gitee-community-web/_next/static/chunks/main-2021f9ed191ab556.js,marketing,0.8152623772621155
https://gitee.com,https://e-assets.gitee.com/gitee-community-web/_next/static/chunks/9-e2efbcd7bc0589f0.js,ads,0.8793217539787292
https://ea.com,https://unpkg.com/@webcomponents/webcomponentsjs@2.2.7/webcomponents-loader.js,marketing,0.8625286817550659
https://pinimg.com,https://s.pinimg.com/webapp/6542-9000ceff0b70ebe4.js,ads,0.9170653820037842
https://pinimg.com,https://s.pinimg.com/webapp/13951-473e6e5b4e836352.js,ads,0.9136731028556824
https://pinimg.com,https://s.pinimg.com/webapp/www/_client-0f60a31eed1eb1ff.js,ads,0.9969524145126344
https://appsflyer.com,https://cdn.cookielaw.org/scripttemplates/otSDKStub.js,analytics,0.9821560978889464
https://techcrunch.com,https://s.yimg.com/ss/rapid3.js,ads,0.920845091342926
https://techcrunch.com,https://consent.cmp.oath.com/cmpStub.min.js,ads,0.9337899088859558
https://techcrunch.com,https://s.yimg.com/pv/static/assistjs/desktop-v1.0.70.js,ads,0.998812198638916
https://techcrunch.com,https://yep.video.yahoo.com/oath/js/1/oath-player.js,analytics,0.8796427845954895
https://techcrunch.com,https://pagead2.googlesyndication.com/pagead/js/adsbygoogle.js,ads,0.9991446733474731
https://techcrunch.com,https://cdn.parsely.com/keys/techcrunch.com/p.js,analytics,0.99948251247406
https://techcrunch.com,https://use.typekit.net/svv7knm.js,analytics,0.9004652500152588
https://techcrunch.com,https://stats.wp.com/e-202318.js,analytics,0.9909027218818665
https://dns.com,https://www.dns.com/static/web2/css/icon-font/iconfont.js,ads,0.9603115916252136
https://dns.com,https://www.dns.com/static/web2/js/lib/wow.min.js,analytics,0.977856457233429
https://netangels.ru,https://netangels.ru/_next/static/chunks/webpack-b3a6c73c1d4f37e685e4.js,analytics,0.8096081018447876
https://netangels.ru,https://netangels.ru/_next/static/chunks/3a1afaf013d52a299f22d43ae47ad081a79bb610.aa17a7795d8a7f20038a.js,analytics,0.8424545526504517
https://360.cn,https://s.ssl.qhimg.com/static/542de339a50753c0.js,ads,0.9068069458007812
https://avast.com,https://cdn.cookielaw.org/scripttemplates/otSDKStub.js,analytics,0.9821560978889464
https://avast.com,https://static3.avast.com/10003015/web/j/vendor/one-trust.js,analytics,0.9284905791282654
https://avast.com,https://static3.avast.com/10003015/web/j/v3/vendor/cash.js,analytics,0.9555680751800536
https://avast.com,https://resources.digital-cloud.medallia.eu/wdceu/82320/onsite/embed.js,analytics,0.9807414412498474
https://tandfonline.com,https://d1bxh8uas1mnw7.cloudfront.net/assets/embed.js,analytics,0.9993744492530824
https://tandfonline.com,https://d1bxh8uas1mnw7.cloudfront.net/assets/embed.js,analytics,0.9993744492530824
https://tandfonline.com,https://embed.videodelivery.net/embed/sdk.latest.js,ads,0.999508500099182
https://cornell.edu,https://use.typekit.net/gog6dck.js,analytics,0.9004652500152588
https://cornell.edu,https://cdnjs.cloudflare.com/ajax/libs/object-fit/0.4.3/polyfill.object-fit.min.js,ads,0.918067216873169
https://cornell.edu,https://www.cornell.edu/assets/core/js/lib/plugins.js,analytics,0.9857797622680664
https://cbsnews.com,https://disco.headliner.link/d/cbsnews/web/js/widget.js,analytics,0.9575206637382508
https://nist.gov,https://nist.gov/sites/default/files/js/js_VDwaIMNiRtzQn-NZvj1F9loIzJ-i4yEDiruzS8Z6Ejo.js,analytics,0.9973725080490112
https://nist.gov,https://nist.gov/sites/default/files/js/js_TNfMPRUzh15Xt38ZkPxbhJAaT_ApYT6W4S8mT3g3v5w.js,ads,0.9992111921310424
https://bitly.com,https://js-eu1.hs-scripts.com/26740822.js,marketing,0.9919998645782472
https://uol.com.br,https://securepubads.g.doubleclick.net/tag/js/gpt.js,ads,0.9531306028366088
https://no-ip.com,https://d2qr50rz2oof04.cloudfront.net/assets/build/js/shortstar.js,analytics,0.9492627382278442
https://yandex.com,https://mc.yandex.ru/metrika/watch.js,analytics,0.9999983310699464
https://playstation.com,https://static.playstation.com/wca/v2/js/telemetry.923e4a2547e217b6c51d.js,analytics,0.9347993731498718
https://playstation.com,https://static.playstation.com/wca/v2/js/ui-framework.97cc29098495fb41831e.js,marketing,0.9779880046844482
https://playstation.com,https://playstation.com/etc.clientlibs/global_pdc/clientlibs/clientlibs-jetstream.344b84cd1a3d19a49b5c6c9d13b7f326.js,analytics,0.9380260109901428
https://huffingtonpost.com,https://ak.sail-horizon.com/spm/spm.v1.min.js,analytics,0.8956990838050842
https://huffingtonpost.com,https://static.scroll.com/js/scroll.js,ads,0.9582744240760804
https://washingtonpost.com,https://washingtonpost.com/assembler/_next/static/chunks/8513.44f5f53768d54d6c.js,ads,0.9642185568809508
https://washingtonpost.com,https://washingtonpost.com/assembler/_next/static/chunks/2534.1991d2cde82ecb09.js,ads,0.9200978875160216
https://washingtonpost.com,https://washingtonpost.com/assembler/_next/static/chunks/fec483df.c26fdb99934c2bc4.js,ads,0.9969848990440368
https://washingtonpost.com,https://washingtonpost.com/assembler/_next/static/chunks/2234.2bedc9edab9a04cc.js,ads,0.872468888759613
https://washingtonpost.com,https://washingtonpost.com/assembler/_next/static/chunks/9111.8db1861e2641c7e7.js,analytics,0.9998575448989868
https://washingtonpost.com,https://washingtonpost.com/assembler/_next/static/chunks/3156-67fe302bf5fb0274.js,analytics,0.973694622516632
https://washingtonpost.com,https://washingtonpost.com/assembler/_next/static/chunks/6756-c15fa4cec812acad.js,ads,0.8417729139328003
