url,js_url,size(bytes)
https://youtube.com,https://www.youtube.com/s/desktop/fa273944/jsbin/network.vflset/network.js,16626
https://cloudflare.com,https://www.cloudflare.com/vendor/onetrust/scripttemplates/otSDKStub.js,24742
https://apple.com,https://apple.com/ac/globalfooter/8/en_US/scripts/ac-globalfooter.built.js,2758
https://bilibili.com,https://s1.hdslb.com/bfs/seed/log/report/log-reporter.js,125803
https://live.com,https://az725175.vo.msecnd.net/scripts/jsll-4.js,18421
https://yahoo.com,https://s.yimg.com/rq/darla/4-11-1/js/g-r-min.js,208580
https://yahoo.com,https://s.yimg.com/aaq/fp/js/tdv2-wafer-utils.customErrorHandler.9efebe2f6ece1db2fe1296f78b511780.js,1650
https://yahoo.com,https://s.yimg.com/aaq/wf/wf-form-1.33.1.js,14120
https://yahoo.com,https://s.yimg.com/aaq/wf/wf-video-2.21.6.js,31199
https://yahoo.com,https://s.yimg.com/aaq/fp/js/react-wafer-scores.custom.default.36d0d5d53074cbbff4a4d35822977d7a.js,326
https://yahoo.com,https://s.yimg.com/aaq/fp/js/react-wafer-horoscope.custom.desktop.default.cf44509b45b430d65165b7367ff6689c.js,330
https://yahoo.com,https://s.yimg.com/aaq/c/ee370e0.caas-hpgrid.min.js,132886
https://yahoo.com,https://s.yimg.com/ss/rapid-3.53.38.js,51222
https://yahoo.com,https://s.yimg.com/os/yaft/yaft-0.3.28.min.js,17136
https://yahoo.com,https://s.yimg.com/aaq/hc/homepage-pwa-defer-1.1.5.js,68170
https://azure.com,https://azure.com/etc.clientlibs/onecloud/clientlibs/clientlib-events.min.ACSHASH1e1e807a22bd65d9f61a48a38d6e7faa.js,676907
https://azure.com,https://azure.com/etc.clientlibs/microsoft/clientlibs/clientlib-polyfills.min.ACSHASHf381d5147c85ee687ea8fbef32c83d37.js,59460
https://azure.com,https://azure.com/etc.clientlibs/microsoft/clientlibs/clientlib-jquery.min.ACSHASH35986a813756f39ab6b922979ffedb03.js,676907
https://azure.com,https://azure.com/etc.clientlibs/microsoft/clientlibs/clientlib-jquery-cookie.min.ACSHASH20aafdf6904d3dc5db0e0e33abbfc1a4.js,59459
https://azure.com,https://az725175.vo.msecnd.net/scripts/jsll-4.js,18421
https://azure.com,https://azure.com/etc.clientlibs/microsoft/clientlibs/exp-analytics/v1.min.ACSHASH4cffc2c9b55f8bde649e0d2535a1eebd.js,676907
https://azure.com,https://azure.com/etc.clientlibs/microsoft/clientlibs/exp-cookiecomp/v1.min.ACSHASH5d289facb3c5fe0d12468a1aed519537.js,59463
https://azure.com,https://azure.com/etc.clientlibs/onecloud/components/content/highlight/v1/highlight/clientlibs/site.min.ACSHASHb5f2f88b2b500a6cecb390788ebf9b11.js,59459
https://azure.com,https://azure.com/etc.clientlibs/microsoft/components/content/alert/v1/alert/clientlibs/site.min.ACSHASH0aa0f2b681b80781a6d691a5062cba7d.js,59451
https://azure.com,https://azure.com/etc.clientlibs/core/wcm/components/tabs/v1/tabs/clientlibs/site.min.ACSHASH1054899214f5e69def0b32d763aec457.js,676908
https://azure.com,https://azure.com/etc.clientlibs/onecloud/components/content/areaheading/v1/areaheading/clientlibs/site.min.ACSHASHf3ce0716faf38b81e39f92e91d6f05dc.js,59459
https://azure.com,https://azure.com/etc.clientlibs/microsoft/components/content/feature/v1/feature/clientlibs/site.min.ACSHASH42ba89a4096a012bdfd80f51fc4b936f.js,59455
https://azure.com,https://azure.com/etc.clientlibs/microsoft/components/content/dynamic-feature/v1/dynamic-feature/clientlibs/site.min.ACSHASHf834ecc43df9754fbcd8a6bb1078e89e.js,59457
https://azure.com,https://azure.com/etc.clientlibs/microsoft/components/content/inline-video/v1/inline-video/clientlibs/site.min.ACSHASHf9f3062f075652a8f5fb69d79e9fbb4e.js,59465
https://azure.com,https://azure.com/etc.clientlibs/onecloud/clientlibs/clientlib-mwf-new/main-acom.min.ACSHASH1315b52070fe169b25b7b0a6e3667170.js,676907
https://azure.com,https://azure.com/etc.clientlibs/onecloud/clientlibs/clientlib-mwf-ext/main-acom.min.ACSHASHed146f109f07908c5a7c2d129f908c05.js,59465
https://azure.com,https://azure.com/etc.clientlibs/microsoft/clientlibs/clientlib-base.min.ACSHASH456a747bd335b98ed1ffdfc3f775f1b3.js,676907
https://azure.com,https://azure.com/etc.clientlibs/onecloud/clientlibs/clientlib-site.min.ACSHASH4c1f1c6a4ff877c820e56e5ab869262b.js,59458
https://azure.com,https://azure.com/etc.clientlibs/microsoft/components/content/universalheader/v1/universalheader/clientlibs/site.min.ACSHASH0a5c3d6fd3a524eb60e59a4de99b8033.js,676907
https://azure.com,https://azure.com/etc.clientlibs/microsoft/clientlibs/clientlib-httpclient.min.ACSHASHda1e40917c54d105fd9d15053b3481fd.js,676907
https://azure.com,https://azure.com/etc.clientlibs/microsoft/clientlibs/clientlib-cookieconsent.min.ACSHASH96f0c5b1219e39b8788028f5c17a5ad9.js,676908
https://azure.com,https://azure.com/etc.clientlibs/onecloud/clientlibs/clientlib-cookievalidator.min.ACSHASHc93775be6088ef882d6c8107b5532f72.js,59459
https://azure.com,https://azure.com/etc.clientlibs/microsoft/components/structure/page/clientlibs/featurecontrol.min.ACSHASHc22ea5b46f3fcad90da0abcc0a3f73d4.js,676907
https://azure.com,https://azure.com/etc.clientlibs/microsoft/components/structure/page/clientlibs/custom-oneds.min.ACSHASHb76e4bb3cb9103a12d0b9a568408c8f8.js,59455
https://azure.com,https://azure.com/etc.clientlibs/onecloud/clientlibs/clientlib-chat.min.ACSHASH26588e8e8dd14565e700857380c118f0.js,676907
https://azure.com,https://azure.com/etc.clientlibs/onecloud/clientlibs/clientlib-market-layer.min.ACSHASH551a5d1b5ebf715e3f78c311a57fa1d7.js,676907
https://zhihu.com,https://static.zhihu.com/event/react@17.0.2/umd/react.production.min.js,4568
https://zhihu.com,https://static.zhihu.com/heifetz/runtime.app.62853b69df5167270ebf.js,8618
https://github.com,https://github.githubassets.com/assets/vendors-node_modules_github_selector-observer_dist_index_esm_js-2646a2c533e3.js,3493
https://github.com,https://github.githubassets.com/assets/vendors-node_modules_github_turbo_dist_turbo_es2017-esm_js-ba0e4d5b3207.js,19752
https://github.com,https://github.githubassets.com/assets/vendors-node_modules_primer_behaviors_dist_esm_dimensions_js-node_modules_github_hotkey_dist_-269f6d-5d145c7cc849.js,5151
https://github.com,https://github.githubassets.com/assets/vendors-node_modules_github_remote-form_dist_index_js-node_modules_scroll-anchoring_dist_scro-5881a7-44d01ee9e782.js,3625
https://github.com,https://github.githubassets.com/assets/vendors-node_modules_github_paste-markdown_dist_index_esm_js-node_modules_github_quote-select-973149-7c1c1618332f.js,11218
https://reddit.com,https://www.redditstatic.com/desktop2x/runtime~Reddit.07f6f11a22c19c3ca5f6.js,19712
https://reddit.com,https://www.redditstatic.com/desktop2x/vendors~Chat~Governance~Reddit.6921f706c26009a1fbb3.js,282417
https://reddit.com,https://www.redditstatic.com/desktop2x/CommentsPage~Governance~Reddit~ReportFlow~Subreddit~reddit-components-BlankPost~reddit-components-Cl~5351df81.40cc3cc7874205786551.js,61425
https://reddit.com,https://www.redditstatic.com/desktop2x/Chat~Governance~Reddit.86ee95116758fcaa6df5.js,373145
https://reddit.com,https://www.redditstatic.com/desktop2x/Governance~Reddit.6cb180a7bb2a5d2518fb.js,95436
https://reddit.com,https://www.redditstatic.com/desktop2x/CollectionCommentsPage~CommentsPage~CountryPage~GovernanceReleaseNotesModal~ModerationPages~Multired~4b0513d5.1da44917cb080f520258.js,14906
https://pinterest.com,https://s.pinimg.com/webapp/6542-9000ceff0b70ebe4.js,6275
https://pinterest.com,https://s.pinimg.com/webapp/5578-15134dff8e03347b.js,4089
https://pinterest.com,https://s.pinimg.com/webapp/www/_client-19795c11d4ee55a3.js,147477
https://wordpress.org,https://stats.wp.com/e-202318.js,8970
https://youtu.be,https://www.youtube.com/s/desktop/fa273944/jsbin/network.vflset/network.js,16626
https://fastly.net,https://fastly.net/app-0b6aead8d33cc0d3e6cc.js,173003
https://fastly.net,https://fastly.net/b3a13d7d-20caf0e6169d18bd6109.js,37049
https://zoom.us,https://explore.zoom.us/docs/js/optimizely/optimizely.js,769798
https://zoom.us,https://cdn.cookielaw.org/scripttemplates/otSDKStub.js,6757
https://vimeo.com,https://f.vimeocdn.com/cms/_next/static/chunks/6511.ff35a0ffcd19da4b.js,12156
https://vimeo.com,https://f.vimeocdn.com/cms/_next/static/chunks/pages/_app-c9fbb02d14186dae.js,119182
https://vimeo.com,https://f.vimeocdn.com/cms/_next/static/chunks/3264-c447ef7163fad7bb.js,81743
https://wordpress.com,https://stats.wp.com/w.js,10813
https://taobao.com,https://g.alicdn.com/code/lib/babel-polyfill/6.0.14/polyfill.min.js,20150
https://taobao.com,https://g.alicdn.com/tb/tracker/index.js,18677
https://intuit.com,https://intuit.com/_next/static/chunks/webpack-dbed82724729793e6b7f.js,13127
https://intuit.com,https://intuit.com/_next/static/chunks/main-18301adc3008fe2c317e.js,6973
https://intuit.com,https://intuit.com/_next/static/chunks/2b246239.abe23e5da4998ead6c94.js,63644
https://intuit.com,https://intuit.com/_next/static/chunks/e3ed071237d1df234dc17561550880343731be4c.0f7429b1bc985a97ce87.js,75676
https://intuit.com,https://intuit.com/_next/static/chunks/pages/page/%5B...slug%5D-43f37b92dd709cb22004.js,3203
https://bit.ly,https://js-eu1.hs-scripts.com/26740822.js,879
https://mozilla.org,https://www.mozilla.org/media/js/fxa.b7f1e714b0b0.js,6672
https://mozilla.org,https://www.mozilla.org/media/js/data.9959726213d9.js,2248
https://mozilla.org,https://www.mozilla.org/media/js/stub-attribution.f0dfeac97836.js,5354
https://weibo.com,https://weibo.com/js/visitor/mini_original.js,6209
https://nih.gov,https://script.crazyegg.com/pages/scripts/0011/2616.js,6062
https://jd.com,https://misc.360buyimg.com/jdf/??/1.0.0/unit/base/5.0.0/base.js,14954
https://jd.com,https://misc.360buyimg.com/??jdf/1.0.0/unit/base/5.0.0/base.js,14954
https://jd.com,https://h5static.m.jd.com/act/jd-jssdk/latest/jd-jssdk.min.js,56284
https://jd.com,https://wl.jd.com/unify.min.js,29929
https://jd.com,https://storage.360buyimg.com/bjd-utils-sdk/library/polyfill.min.js,34214
https://jd.com,https://storage.360buyimg.com/retail-mall/overseas_pc/pre/0.0.15/js/main.6a3aca52.js,253969
https://europa.eu,https://ec.europa.eu/wel/surveys/wr_survey01/wr_survey.js,661
https://nytimes.com,https://nytimes.com/vi-assets/static-assets/vendor-b261f5b50fd0c857de07.js,51463
https://nytimes.com,https://nytimes.com/vi-assets/static-assets/home-673a87e763c6fc4f1503.js,37945
https://nytimes.com,https://nytimes.com/vi-assets/static-assets/main-c035bba541b1e2056ae6.js,422766
https://fandom.com,https://www.google-analytics.com/analytics.js,20737
https://nic.ru,https://nic.ru/static/rcweb-bundle-937c564e763475a9054e.js,2281365
https://ebay.com,https://ir.ebaystatic.com/rs/v/10341xh50yz21mhhydueu4m5wad.js,3255
https://ebay.com,https://ir.ebaystatic.com/rs/v/s0hteylevy4bpkd12dvkd4yi5ms.js,7952
https://sina.com.cn,https://i.sso.sina.com.cn/js/ssologin.js,15124
https://sina.com.cn,https://auto.sina.com.cn/sinaauto/2016/sinahome/chooseCars.js,4421
https://sina.com.cn,https://d3.sina.com.cn/d1images/sinaads_entry/sinaads_entry_index.js,1425
https://sina.com.cn,https://www.sina.com.cn/js/79/2013/0717/fix.js,1991
https://t.me,https://t.me/js/tgsticker.js,24604
https://medium.com,https://cdn-client.medium.com/lite/static/js/8493.12cd6497.js,715568
https://naver.com,https://ssl.pstatic.net/tveta/libs/glad/prod/gfp-core.js,16486
https://naver.com,https://ssl.pstatic.net/tveta/libs/assets/js/pc/main/min/pc.veta.core.min.js,8735
https://naver.com,https://pm.pstatic.net/dist/js/preload.5fe99fda.js,7017
https://digicert.com,https://assets.adobedtm.com/80bda08f0087/1015fcf0b78f/launch-EN214b022a648841a199bcc6b7b217acc1.min.js,118628
https://digicert.com,https://digicert.com/etc.clientlibs/digicert/clientlibs/ui.search.js,394613
https://salesforce.com,https://a.sfdcstatic.com/digital/@sfdc-www/clientlibs-web-components/v1-stable/top.js,2918
https://salesforce.com,https://a.sfdcstatic.com/digital/one-trust/core/stable/scripttemplates/otSDKStub.js,9121
https://salesforce.com,https://salesforce.com/c/public/exp/pbc/lwc/prod.bf7140bd.js,94686
https://salesforce.com,https://salesforce.com/c/public/exp/pbc/server/livechat.957da4bc3e839f132615.js,11288
https://aliexpress.com,https://assets.alicdn.com/g/ae-fe/header-ui/0.0.78/src/ae-header.js,62776
https://soundcloud.com,https://a-v2.sndcdn.com/assets/51-0bccbb46.js,46212
https://soundcloud.com,https://cdn.cookielaw.org/consent/7e62c772-c97a-4d95-8d0a-f99bbeadcf61/otSDKStub.js,7684
https://soundcloud.com,https://a-v2.sndcdn.com/assets/16-41902f7b.js,62438
https://soundcloud.com,https://a-v2.sndcdn.com/assets/52-3fc44d21.js,3108
https://force.com,https://a.sfdcstatic.com/digital/one-trust/core/stable/scripttemplates/otSDKStub.js,9121
https://force.com,https://www.salesforce.com/etc/clientlibs/sfdc-www/clientlibs_hgf_tbidauth.js,872
https://force.com,https://www.salesforce.com/etc.bundles/sfdc-www/bundles/vendors~scriptloader~utils.bundle.90b3b83fc827edb414de.js,5586
https://force.com,https://www.salesforce.com/etc.bundles/sfdc-www/bundles/scriptloader.bundle.90b3b83fc827edb414de.js,4970
https://cnn.com,https://cdn.optimizely.com/public/125375509/s/landingprod.js,102627
https://cnn.com,https://static.chartbeat.com/js/chartbeat_mab.js,23915
https://archive.org,https://archive.org/offshoot_assets/vendor/@webcomponents/webcomponentsjs@2.6.0/webcomponents-loader.js,4410
https://archive.org,https://archive.org/offshoot_assets/js/webpack-runtime.359bee094bf802818f40.js,4218
https://sohu.com,https://cpro.baidustatic.com/cpro/ui/c.js,39566
https://sohu.com,https://cpro.baidustatic.com/cpro/ui/cm.js,39566
https://forbes.com,https://i.forbesimg.com/simple-site/nr-agent/index.js,11814
https://forbes.com,https://sdk.sharethrough.com/gc.js,385461
https://dnsmadeeasy.com,https://assets-global.website-files.com/6019c2730025bb47a28f7167/js/dnsmadeeasy.c9f619c2f.js,321956
https://iqiyi.com,https://stc.iqiyipic.com/gaze/pcw/ssr/165c7d8.js,5532
https://iqiyi.com,https://stc.iqiyipic.com/gaze/pcw/ssr/app.9507dc4a5e498bfeac46.js,451337
https://stackoverflow.com,https://cdn.sstatic.net/Js/stub.en.js,18160
https://w3.org,https://w3.org/2008/site/js/testimonial.js,535
https://bbc.com,https://static.files.bbci.co.uk/cookies/37ffd9047501894465d18420118fa146/cookie-banner/cookie-banners.bundle.js,4379
https://bbc.com,https://mybbc.files.bbci.co.uk/notification-ui/5.0.24//js/NotificationsMain.js,112178
https://atg.se,https://atg.se/ruxitagentjs_ICA27NVfjqrux_10263230321103025.js,88813
https://atg.se,https://cdn.cookielaw.org/scripttemplates/otSDKStub.js,6757
https://aliyun.com,https://g.alicdn.com/hmod/??alicloud-security-and-global-presence/0.0.15/index-pc.js,1283
https://att.net,https://s.yimg.com/rq/darla/4-11-1/js/g-r-min.js,88148
https://att.net,https://s.yimg.com/aaq/fp/js/tdv2-wafer-utils.customErrorHandler.9efebe2f6ece1db2fe1296f78b511780.js,3744
https://att.net,https://s.yimg.com/aaq/wf/wf-form-1.33.1.js,4780
https://att.net,https://s.yimg.com/aaq/wf/wf-video-2.21.6.js,31199
https://att.net,https://s.yimg.com/aaq/fp/js/react-wafer-scores.custom.default.36d0d5d53074cbbff4a4d35822977d7a.js,326
https://att.net,https://s.yimg.com/aaq/fp/js/react-wafer-horoscope.custom.desktop.default.cf44509b45b430d65165b7367ff6689c.js,330
https://att.net,https://s.yimg.com/aaq/c/ee370e0.caas-hpgrid.min.js,132886
https://att.net,https://s.yimg.com/ss/rapid-3.53.38.js,51222
https://att.net,https://s.yimg.com/os/yaft/yaft-0.3.28.min.js,17136
https://booking.com,https://cf.bstatic.com/psb/capla/static/js/382.f0f0b426.chunk.js,196626
https://booking.com,https://cf.bstatic.com/psb/capla/static/js/579.44856a26.chunk.js,184068
https://booking.com,https://cf.bstatic.com/psb/capla/static/js/224.9f6059a2.chunk.js,96675
https://booking.com,https://cf.bstatic.com/psb/capla/static/js/664.a41d0fc8.chunk.js,154378
https://roblox.com,https://js.rbxcdn.com/5259cfe8a3e36118bd61120693dbba3ba87f2c3641f84bb07e29f1d69fe87523.js,2307
https://roblox.com,https://js.rbxcdn.com/241b320daab4139ca0a006a40e2a505a0c437186d013792ba70beea8c3d943e0.js,9592
https://roblox.com,https://js.rbxcdn.com/a411b4655a0c97ad1d8209c2daa1e92b0dfc5d66716efcfea310f491aabf1ef6.js,2829
https://sourceforge.net,https://a.fsdn.com/con/js/sftheme/cmp2.js,30456
https://telegram.org,https://telegram.org/js/tgsticker.js,24604
https://bbc.co.uk,https://static.files.bbci.co.uk/core/bundle-defaultVendors.074276a238fe15e2fc4e.legacy.js,315899
https://imgur.com,https://js.media-lab.ai/wana.2.4.2.js,60959
https://imgur.com,https://www.google-analytics.com/analytics.js,20737
https://sberdevices.ru,https://cdn-app.sberdevices.ru/sberdevices/0.457.1/_next/static/chunks/1430-30905005cfdc2a7e.js,22947
https://creativecommons.org,https://player.vimeo.com/api/player.js,6318
https://creativecommons.org,https://stats.wp.com/e-202317.js,8970
https://1688.com,https://g.alicdn.com/AWSC/AWSC/awsc.js,3550
https://1688.com,https://astyle.alicdn.com/app/home/v2016/common/js/webp.js,682
https://1688.com,https://g.alicdn.com/secdev/entry/index.js,2477
https://oracle.com,https://oracle.com/product-navigator/_next/static/chunks/pages/_app-30978cdc756ed7aa.js,94198
https://researchgate.net,https://c5.rgstatic.net/javascript/bundles/runtime.09d490.js,35004
https://tmall.com,https://g.alicdn.com/code/lib/babel-polyfill/6.0.14/polyfill.min.js,20150
https://tmall.com,https://g.alicdn.com/tb/tracker/index.js,18677
https://teamviewer.com,https://cdn.cookielaw.org/scripttemplates/otSDKStub.js,6757
https://teamviewer.com,https://teamviewer.com/etc.clientlibs/teamviewer/clientlibs/tenants/website-v2/clientlib-site.20230426111514.min.js,52457
https://tradingview.com,https://static.tradingview.com/static/bundles/runtime.96afdf39a6d3dafe9c30.js,52404
https://tradingview.com,https://static.tradingview.com/static/bundles/30128.008c8299403bd13501f0.js,11981
https://tradingview.com,https://static.tradingview.com/static/bundles/37864.c06bd3b49eef5bd43fa2.js,7078
https://tradingview.com,https://static.tradingview.com/static/bundles/21035.438c6d80a5433ec1c156.js,24757
https://duckduckgo.com,https://duckduckgo.com/lib/l132.js,49312
https://duckduckgo.com,https://duckduckgo.com/d3200.js,103436
https://who.int,https://who.int/ResourcePackages/WHO/assets/dist/scripts/lib/select2.full.min.js,28526
https://issuu.com,https://cdnjs.cloudflare.com/ajax/libs/react/17.0.2/umd/react.production.min.js,4590
https://issuu.com,https://static.isu.pub/fe/product-preview-frontend/149/client.js,154490
https://cisco.com,https://cisco.com/content/dam/cisco-cdc/site/framework/js/personalization-init.js,4798
https://linktr.ee,https://cdn-au.onetrust.com/scripttemplates/otSDKStub.js,6757
https://linktr.ee,https://website.linktr.ee/app-9b0696aaa1a904269c7d.js,51957
https://deepl.com,https://static.deepl.com/js/common.chunk.$183133.js,46766
https://tencent.com,https://tencent.com/js/qrcode.js,11738
https://discord.com,https://discord.com/assets/oneTrust/v4/scripttemplates/otSDKStub.js,20606
https://discord.com,https://discord.com/assets/3e7b25d173a49a13d79f.js,7647
https://washingtonpost.com,https://washingtonpost.com/assembler/_next/static/chunks/4012-065183514f0f4bef.js,6348
https://washingtonpost.com,https://washingtonpost.com/assembler/_next/static/chunks/8513.d227ff739b53ffeb.js,18675
https://washingtonpost.com,https://washingtonpost.com/assembler/_next/static/chunks/2534.1991d2cde82ecb09.js,4647
https://washingtonpost.com,https://washingtonpost.com/assembler/_next/static/chunks/fec483df.c26fdb99934c2bc4.js,93924
https://washingtonpost.com,https://washingtonpost.com/assembler/_next/static/chunks/2234.bd7fca3952ca4582.js,5773
https://washingtonpost.com,https://washingtonpost.com/assembler/_next/static/chunks/9111.371025b247a6e277.js,1396
https://washingtonpost.com,https://washingtonpost.com/assembler/_next/static/chunks/6087-df5c7903ecfd277a.js,29296
https://washingtonpost.com,https://washingtonpost.com/assembler/_next/static/chunks/6756-08dc476de17b39b8.js,6468
https://dell.com,https://i.dell.com/images/global/js/lib/jquery-1.2.2e.js,34283
https://dell.com,https://i.dell.com/images/global/js/home88s.js,47389
https://pixiv.net,https://s.pximg.net/www/js/build/runtime.1df84d4fb85c94bbc470.js,18508
https://pixiv.net,https://s.pximg.net/www/js/build/pixiv.2ddebb7b5c02f67b98d7.js,1046217
https://pixiv.net,https://a.pixiv.org/yufulight-cdn/apt.js,17733
https://klarna.com,https://klarna.com/_next/static/chunks/webpack-d650383b5412f301f563.js,8964
https://klarna.com,https://klarna.com/_next/static/chunks/84afd3ba861b78d1ee8fdd5020b73ae8180797d2.030e22d1f29dc776efd0.js,375111
https://ally.com,https://secure.ally.com/static-assets/js/transmit/transmit-ui-5.1.0.min.js,42292
https://ally.com,https://ally.com/content/dam/static/js/ext/ven/ddog/datadog.1.1.js,38880
https://ally.com,https://ally.com/etc.clientlibs/ally-core/clientlibs/allysf.d11ae9db999f267079d25585c200c086.js,18580
https://ally.com,https://ally.com/etc.clientlibs/storefront/components/navigation/nav-links/v1/nav-links/clientlibs.b72f48c00800992b3ab8568bdae54b1b.js,1878
https://harvard.edu,https://www.harvard.edu/wp-includes/js/dist/vendor/wp-polyfill.min.js,7343
