https://static.xx.fbcdn.net/rsrc.php/v3/y5/r/zr1OXYRgONi.js?_nc_x=Ij3Wp8lg5Kz,analytics,0.7817007303237915
https://abs.twimg.com/responsive-web/client-web-legacy/shared~bundle.Birdwatch~bundle.Compose~bundle.Settings~bundle.Display~bundle.Explore~bundle.Ocf~bundle.Topics.a789345a.js,content,0.4447348415851593
https://abs.twimg.com/responsive-web/client-web-legacy/polyfills.d5242a4a.js,content,0.6579034924507141
https://abs.twimg.com/responsive-web/client-web-legacy/vendor.4cfde47a.js,analytics,0.9057336449623108
https://abs.twimg.com/responsive-web/client-web-legacy/i18n/en.1b7299ea.js,content,0.4447348415851593
https://abs.twimg.com/responsive-web/client-web-legacy/main.d7d3c34a.js,hosting,0.8279842138290405
https://www.youtube.com/s/desktop/80237066/jsbin/web-animations-next-lite.min.vflset/web-animations-next-lite.min.js,video,0.9985672235488892
https://www.youtube.com/s/desktop/80237066/jsbin/webcomponents-all-noPatch.vflset/webcomponents-all-noPatch.js,cdn,0.9951378703117371
https://www.youtube.com/s/desktop/80237066/jsbin/fetch-polyfill.vflset/fetch-polyfill.js,cdn,0.8500440716743469
https://www.youtube.com/s/desktop/80237066/jsbin/intersection-observer.min.vflset/intersection-observer.min.js,cdn,0.9946908354759216
https://www.youtube.com/s/desktop/80237066/jsbin/scheduler.vflset/scheduler.js,video,0.997262716293335
https://www.youtube.com/s/desktop/80237066/jsbin/www-i18n-constants-en_US.vflset/www-i18n-constants.js,social,0.986850917339325
https://www.youtube.com/s/desktop/80237066/jsbin/www-tampering.vflset/www-tampering.js,video,0.9601338505744934
https://www.youtube.com/s/desktop/80237066/jsbin/spf.vflset/spf.js,video,0.364579975605011
https://www.youtube.com/s/desktop/80237066/jsbin/network.vflset/network.js,video,0.9178637266159058
https://www.youtube.com/s/desktop/80237066/jsbin/desktop_polymer_legacy_browsers.vflset/desktop_polymer_legacy_browsers.js,tag-manager,0.3734580874443054
https://wordpress.org/wp-content/plugins/gutenberg/build/block-library/blocks/navigation/view.min.js?ver=aa58d4d058136adf2722,utility,0.8889116048812866
https://wordpress.org/wp-content/plugins/gutenberg/build/block-library/blocks/navigation/view-modal.min.js?ver=774770b5630ff20f41e1,hosting,0.9864502549171448
https://wordpress.org/wp-content/mu-plugins/pub-sync/blocks/language-suggest/build/front.js?ver=65c0d04875d95a97532e,tag-manager,0.7954947352409363
https://wordpress.org/wp-content/plugins/jetpack/_inc/build/photon/photon.min.js?ver=20191001,hosting,0.950329065322876
https://wordpress.org/wp-content/mu-plugins/pub-sync/blocks/global-header-footer/js/view.js?ver=1659374994,analytics,0.40535134077072144
https://stats.wp.com/e-202315.js,analytics,0.9909027218818665
https://static.cdninstagram.com/rsrc.php/v3/yF/r/aSTahOMco0U.js?_nc_x=Ij3Wp8lg5Kz,analytics,0.9841970801353455
https://static.cdninstagram.com/rsrc.php/v3iYSk4/ys/l/en_US/WmMZp-DTxiA42d66RmSsH04KOKl17mejkZOcpgeRATe8pmkdqkWv9aI-j2J2UeJxx_iO5-tYfa4ug7rsRxS0PqL7_HaIWqkDfXTY0JWtS5pxb-4Csh6rCI2Y8Ip-GUY6SRmCxn5rJGG9JfHhSIH4ZqeXkqDTnAZJGfHmbyAxFMTtf7FRhpjS_2V-YTCo2uhhot3S0Ee4xfhZylKfO4bZpsOD0l7INhMUStemG-OYVR0kw5cOAqIohmRQ2b689xgv2L1sf0JrejlwmdZ_Sj8F_0oW3hcgtV8ZpOwI1KkCpvsWqehdEtWwDQVEH-g-FDC.js?_nc_x=Ij3Wp8lg5Kz,social,0.6503462791442871
https://static.cdninstagram.com/rsrc.php/v3i1Ou4/yO/l/en_US/pnGZyu0HIWq.js?_nc_x=Ij3Wp8lg5Kz,analytics,0.5210891366004944
https://static.cdninstagram.com/rsrc.php/v3i3Xa4/yG/l/en_US/ASltRSkszQa.js?_nc_x=Ij3Wp8lg5Kz,social,0.9499913454055786
https://static.cdninstagram.com/rsrc.php/v3/yW/r/1HZUGUB_Uep.js?_nc_x=Ij3Wp8lg5Kz,utility,0.4979704022407532
https://static.cdninstagram.com/rsrc.php/v3/yn/r/ZrmCHgVeJ77.js?_nc_x=Ij3Wp8lg5Kz,social,0.9999022483825684
https://s.pinimg.com/webapp/runtime-5d3e58726db4e80a.js,utility,0.45582401752471924
https://s.pinimg.com/webapp/polyfills-2e69a2478c6ed9e3.js,cdn,0.8386819362640381
https://s.pinimg.com/webapp/75481-e132d7125dcf9b23.js,ads,0.3499393165111542
https://s.pinimg.com/webapp/70472-28186372b66c98df.js,cdn,0.8171826601028442
https://s.pinimg.com/webapp/11671-dba16ec96a42f69c.js,ads,0.3499393165111542
https://s.pinimg.com/webapp/locale-en_US-lite-js-aca4129545812376.js,ads,0.3499393165111542
https://s.pinimg.com/webapp/vendor-react-e8365ed27723aef1.js,utility,0.5606051087379456
https://s.pinimg.com/webapp/www/index-5d7495cfcc08d570.js,hosting,0.5578487515449524
https://s.pinimg.com/webapp/8390-d8a6927abca4e587.js,cdn,0.534261167049408
https://s.pinimg.com/webapp/9500-b1452b8ccef412ab.js,social,0.9991433620452881
https://s.pinimg.com/webapp/26067-378ce83607f65bd9.js,ads,0.7378939390182495
https://s.pinimg.com/webapp/31551-b6c02e2d18a9f157.js,content,0.4851227104663849
https://s.pinimg.com/webapp/6542-9000ceff0b70ebe4.js,ads,0.9170653820037842
https://s.pinimg.com/webapp/83998-b090012fd0c2bd6c.js,cdn,0.4692423939704895
https://s.pinimg.com/webapp/69712-2b5d4e57afdc7e46.js,cdn,0.7777305841445923
https://s.pinimg.com/webapp/66312-7c5698a19adc0d21.js,hosting,0.8124592900276184
https://s.pinimg.com/webapp/73878-564e9d4af157a407.js,analytics,0.701284646987915
https://s.pinimg.com/webapp/22946-3287b91bad60e53e.js,content,0.9986044764518738
https://s.pinimg.com/webapp/87072-5fe410b768e51f23.js,content,0.9209121465682983
https://s.pinimg.com/webapp/50040-7e1e894f3205aab3.js,utility,0.6971613168716431
https://s.pinimg.com/webapp/31583-a962c956a0b813b4.js,utility,0.7745422720909119
https://s.pinimg.com/webapp/98462-1ddaa9ec0e376deb.js,cdn,0.7569894194602966
https://s.pinimg.com/webapp/13951-473e6e5b4e836352.js,ads,0.9136731028556824
https://s.pinimg.com/webapp/1383-5e0c39750f167bb6.js,cdn,0.5593300461769104
https://s.pinimg.com/webapp/45558-4f76e1ff98af5591.js,social,0.9209325313568115
https://s.pinimg.com/webapp/30149-906893355b48a57f.js,utility,0.5254293084144592
https://s.pinimg.com/webapp/53455-4995665bd247a338.js,utility,0.4459591209888458
https://s.pinimg.com/webapp/11802-d2ab318fac93f2ea.js,tag-manager,0.5416116118431091
https://s.pinimg.com/webapp/53717-fc6abb5c8a242d9e.js,hosting,0.9439570903778076
https://s.pinimg.com/webapp/55262-1f7fe6007b430d2c.js,ads,0.9403943419456482
https://s.pinimg.com/webapp/www/_client-85a9b178e266ec3e.js,ads,0.9928190112113953
https://wordpress.org/wp-content/plugins/gutenberg/build/block-library/blocks/navigation/view.min.js?ver=aa58d4d058136adf2722,utility,0.8889116048812866
https://wordpress.org/wp-content/plugins/gutenberg/build/block-library/blocks/navigation/view-modal.min.js?ver=774770b5630ff20f41e1,hosting,0.9864502549171448
https://wordpress.org/wp-content/mu-plugins/pub-sync/blocks/language-suggest/build/front.js?ver=65c0d04875d95a97532e,tag-manager,0.7954947352409363
https://wordpress.org/wp-content/plugins/jetpack/_inc/build/photon/photon.min.js?ver=20191001,hosting,0.950329065322876
https://wordpress.org/wp-content/mu-plugins/pub-sync/blocks/global-header-footer/js/view.js?ver=1659374896,analytics,0.40535134077072144
https://stats.wp.com/e-202315.js,analytics,0.9909027218818665
https://www.youtube.com/s/desktop/80237066/jsbin/web-animations-next-lite.min.vflset/web-animations-next-lite.min.js,video,0.9985672235488892
https://www.youtube.com/s/desktop/80237066/jsbin/webcomponents-all-noPatch.vflset/webcomponents-all-noPatch.js,cdn,0.9951378703117371
https://www.youtube.com/s/desktop/80237066/jsbin/fetch-polyfill.vflset/fetch-polyfill.js,cdn,0.8500440716743469
https://www.youtube.com/s/desktop/80237066/jsbin/intersection-observer.min.vflset/intersection-observer.min.js,cdn,0.9946908354759216
https://www.youtube.com/s/desktop/80237066/jsbin/scheduler.vflset/scheduler.js,video,0.997262716293335
https://www.youtube.com/s/desktop/80237066/jsbin/www-i18n-constants-en_US.vflset/www-i18n-constants.js,social,0.986850917339325
https://www.youtube.com/s/desktop/80237066/jsbin/www-tampering.vflset/www-tampering.js,video,0.9601338505744934
https://www.youtube.com/s/desktop/80237066/jsbin/spf.vflset/spf.js,video,0.364579975605011
https://www.youtube.com/s/desktop/80237066/jsbin/network.vflset/network.js,video,0.9178637266159058
https://www.youtube.com/s/desktop/80237066/jsbin/desktop_polymer_legacy_browsers.vflset/desktop_polymer_legacy_browsers.js,tag-manager,0.3734580874443054
https://itunes.apple.com/v/itunes/home/l/built/scripts/head.built.js,ads,0.3499393165111542
https://itunes.apple.com/api-www/global-elements/global-header/v1/assets/globalheader.umd.js,ads,0.3499393165111542
https://itunes.apple.com/metrics/ac-analytics/2.17.1/scripts/ac-analytics.js,ads,0.3499393165111542
https://itunes.apple.com/metrics/ac-analytics/2.17.1/scripts/auto-init.js,ads,0.3499393165111542
https://itunes.apple.com/metrics/data-relay/1.1.4/scripts/data-relay.js,ads,0.3499393165111542
https://itunes.apple.com/metrics/data-relay/1.1.4/scripts/auto-relay.js,ads,0.3499393165111542
https://itunes.apple.com/ac/globalfooter/8/en_US/scripts/ac-globalfooter.built.js,ads,0.3499393165111542
https://itunes.apple.com/ac/localeswitcher/4/en_US/scripts/localeswitcher.built.js,ads,0.3499393165111542
https://itunes.apple.com/v/itunes/home/l/built/scripts/main.built.js,ads,0.3499393165111542
https://github.githubassets.com/assets/wp-runtime-d5eb35f7d660.js,utility,0.5512202382087708
https://github.githubassets.com/assets/vendors-node_modules_stacktrace-parser_dist_stack-trace-parser_esm_js-node_modules_github_bro-327bbf-0aaeb22dd2a5.js,social,0.7928126454353333
https://github.githubassets.com/assets/ui_packages_soft-nav_soft-nav_ts-72a9c1436e97.js,other,0.7820103764533997
https://github.githubassets.com/assets/environment-9fa8265d4c66.js,ads,0.6445027589797974
https://github.githubassets.com/assets/vendors-node_modules_github_selector-observer_dist_index_esm_js-2646a2c533e3.js,analytics,0.9784672260284424
https://github.githubassets.com/assets/vendors-node_modules_github_relative-time-element_dist_index_js-99e288659d4f.js,hosting,0.7977049946784973
https://github.githubassets.com/assets/vendors-node_modules_fzy_js_index_js-node_modules_github_markdown-toolbar-element_dist_index_js-e3de700a4c9d.js,analytics,0.540996789932251
https://github.githubassets.com/assets/vendors-node_modules_github_filter-input-element_dist_index_js-node_modules_github_remote-inp-44ef1e-ff95e778f461.js,utility,0.39780306816101074
https://github.githubassets.com/assets/vendors-node_modules_github_mini-throttle_dist_index_js-node_modules_delegated-events_dist_in-d36001-e1c38c8467da.js,cdn,0.9674083590507507
https://github.githubassets.com/assets/vendors-node_modules_github_file-attachment-element_dist_index_js-node_modules_github_text-ex-3415a8-7ecc10fb88d0.js,cdn,0.7936172485351562
https://github.githubassets.com/assets/vendors-node_modules_github_tab-container-element_dist_index_js-node_modules_github_auto-comp-bf192d-81631767a9f8.js,utility,0.9493259787559509
https://github.githubassets.com/assets/vendors-node_modules_primer_view-components_app_components_primer_primer_js-node_modules_gith-38cd56-cd3455701bfc.js,tag-manager,0.5554214715957642
https://github.githubassets.com/assets/github-elements-87222eb5b7eb.js,tag-manager,0.6049050092697144
https://github.githubassets.com/assets/element-registry-b1f3671c5f7d.js,tag-manager,0.9958702921867371
https://github.githubassets.com/assets/vendors-node_modules_lit-html_lit-html_js-9d9fe1859ce5.js,hosting,0.6112573146820068
https://github.githubassets.com/assets/vendors-node_modules_github_mini-throttle_dist_index_js-node_modules_github_alive-client_dist-bf5aa2-424aa982deef.js,cdn,0.547232449054718
https://github.githubassets.com/assets/vendors-node_modules_github_turbo_dist_turbo_es2017-esm_js-ba0e4d5b3207.js,analytics,0.9550448656082153
https://github.githubassets.com/assets/vendors-node_modules_delegated-events_dist_index_js-node_modules_github_hotkey_dist_index_js-b47a28757074.js,analytics,0.9737574458122253
https://github.githubassets.com/assets/vendors-node_modules_github_remote-form_dist_index_js-node_modules_scroll-anchoring_dist_scro-08f16d-1d99db8eada1.js,analytics,0.43399208784103394
https://github.githubassets.com/assets/vendors-node_modules_primer_behaviors_dist_esm_dimensions_js-node_modules_github_hydro-analyt-f69502-c96bbb755c06.js,analytics,0.984664261341095
https://github.githubassets.com/assets/vendors-node_modules_color-convert_index_js-35b3ae68c408.js,other,0.44374871253967285
https://github.githubassets.com/assets/vendors-node_modules_github_paste-markdown_dist_index_esm_js-node_modules_github_quote-select-973149-7c1c1618332f.js,analytics,0.9344226121902466
https://github.githubassets.com/assets/app_assets_modules_github_updatable-content_ts-70e6c1269039.js,utility,0.9338060021400452
https://github.githubassets.com/assets/app_assets_modules_github_behaviors_keyboard-shortcuts-helper_ts-app_assets_modules_github_be-f5afdb-09a03d8bfce2.js,content,0.7189686298370361
https://github.githubassets.com/assets/app_assets_modules_github_sticky-scroll-into-view_ts-0af96d15a250.js,cdn,0.9348938465118408
https://github.githubassets.com/assets/app_assets_modules_github_behaviors_ajax-error_ts-app_assets_modules_github_behaviors_include-2e2258-7effad8d88d4.js,other,0.36606940627098083
https://github.githubassets.com/assets/app_assets_modules_github_behaviors_commenting_edit_ts-app_assets_modules_github_behaviors_ht-83c235-80a9915bf75c.js,tag-manager,0.9994214773178101
https://github.githubassets.com/assets/behaviors-b0a12cf5233a.js,cdn,0.8145610094070435
https://github.githubassets.com/assets/vendors-node_modules_delegated-events_dist_index_js-node_modules_github_catalyst_lib_index_js-06ff531-fe0b8ccc90a5.js,tag-manager,0.9118453860282898
https://github.githubassets.com/assets/notifications-global-86e9ba7bffb7.js,analytics,0.414032518863678
https://github.githubassets.com/assets/vendors-node_modules_delegated-events_dist_index_js-node_modules_github_catalyst_lib_index_js-34fe8f-cb3b1175eff3.js,tag-manager,0.9862436652183533
https://github.githubassets.com/assets/marketing-24ab4ca036f8.js,cdn,0.8068316578865051
https://github.githubassets.com/assets/home-0369a2a6b0c5.js,hosting,0.6600755453109741
https://github.githubassets.com/assets/vendors-node_modules_github_webgl-globe_dist_js_main_js-c61608acc916.js,cdn,0.8241174817085266
https://github.githubassets.com/assets/webgl-globe-0fd6a24e0678.js,ads,0.3499393165111542
https://github.githubassets.com/assets/vendors-node_modules_github_remote-form_dist_index_js-node_modules_github_memoize_dist_esm_in-687f35-d131f0b6de8e.js,hosting,0.9138942360877991
https://github.githubassets.com/assets/sessions-9bf61911b206.js,utility,0.9058990478515625
https://docrdsfx76ssb.cloudfront.net/static/1681412903/pages/wp-content/themes/JointsWP-CSS-master/assets/scripts/jquery.min.js,cdn,0.8238261938095093
https://docrdsfx76ssb.cloudfront.net/static/1681412903/pages/wp-content/cache/fvm/min/1681412897-jse9ca9725cb9227606bfaf04fac11c9d2860cce03f5adb1410cb69c9a13bbfa.js,cdn,0.5559355020523071
https://bitly.com/s/js/unauth.shorten.js,ads,0.3499393165111542
https://docrdsfx76ssb.cloudfront.net/static/1681412903/pages/wp-content/themes/JointsWP-CSS-master/assets/scripts/anonshort-script-v3.js,hosting,0.9225426912307739
https://docrdsfx76ssb.cloudfront.net/static/1681412903/pages/wp-content/themes/JointsWP-CSS-master/assets/scripts/back.min.js,tag-manager,0.8166034817695618
https://bit.ly//js-eu1.hs-scripts.com/26740822.js,social,0.2521226108074188
https://www.blogger.com/static/v1/widgets/1852870454-widgets.js,hosting,0.9989287257194519
https://f.vimeocdn.com/cms/_next/static/chunks/polyfills-0d1b80a048d4787e.js,analytics,0.7256234288215637
https://f.vimeocdn.com/cms/_next/static/chunks/1155-fdde9f3a0975c61d.js,social,0.7047023773193359
https://f.vimeocdn.com/cms/_next/static/chunks/6511.ff35a0ffcd19da4b.js,ads,0.8373845815658569
https://f.vimeocdn.com/cms/_next/static/chunks/9866.5f5a3f330fc19694.js,ads,0.3499393165111542
https://f.vimeocdn.com/cms/_next/static/chunks/8659.c58755e507ed87df.js,content,0.4763941764831543
https://f.vimeocdn.com/cms/_next/static/chunks/2213.822d7eeb621204f6.js,content,0.9347668290138245
https://f.vimeocdn.com/cms/_next/static/chunks/1270.f9c6ecb6540b4fc4.js,content,0.9347668290138245
https://f.vimeocdn.com/cms/_next/static/chunks/4980.3f76a370422279ba.js,ads,0.3499393165111542
https://f.vimeocdn.com/cms/_next/static/chunks/4806.73ff9e714f2abe8c.js,content,0.9347668290138245
https://f.vimeocdn.com/cms/_next/static/chunks/4727.81f6e2ec88e60622.js,content,0.9347668290138245
https://f.vimeocdn.com/cms/_next/static/chunks/165.52ae9c589c703f78.js,ads,0.3499393165111542
https://f.vimeocdn.com/cms/_next/static/chunks/8470.4f4dc799bff801cd.js,content,0.9347668290138245
https://f.vimeocdn.com/cms/_next/static/chunks/4079.f16581fd6d1e4baf.js,content,0.9347668290138245
https://f.vimeocdn.com/cms/_next/static/chunks/4714.3202c223a9481efe.js,content,0.9347668290138245
https://f.vimeocdn.com/cms/_next/static/chunks/3106-470e66c7927277f7.js,hosting,0.9908034801483154
https://f.vimeocdn.com/cms/_next/static/chunks/2620.6110ce972d39fcc6.js,ads,0.6507129073143005
https://f.vimeocdn.com/cms/_next/static/chunks/9820.91214d06799077d1.js,content,0.9347668290138245
https://f.vimeocdn.com/cms/_next/static/chunks/1497.05a7a03ffbfe8ca6.js,content,0.9347668290138245
https://f.vimeocdn.com/cms/_next/static/chunks/1247.2a336ee77391dadf.js,content,0.9347668290138245
https://f.vimeocdn.com/cms/_next/static/chunks/4049.558dae83da0c7e15.js,ads,0.3499393165111542
https://f.vimeocdn.com/cms/_next/static/chunks/159.28e3b9d9b0207aa4.js,content,0.9347668290138245
https://f.vimeocdn.com/cms/_next/static/chunks/3820.124a8c45b62ae3b4.js,content,0.9347668290138245
https://f.vimeocdn.com/cms/_next/static/chunks/2124.bef53d2e68d66fe6.js,content,0.9347668290138245
https://f.vimeocdn.com/cms/_next/static/chunks/4294.439163948dc08f53.js,ads,0.3499393165111542
https://f.vimeocdn.com/cms/_next/static/chunks/5757.1d4391c96e1487f0.js,content,0.9588643908500671
https://f.vimeocdn.com/cms/_next/static/chunks/webpack-194d3e52ca56f71a.js,utility,0.5121701955795288
https://f.vimeocdn.com/cms/_next/static/chunks/framework-3e9063a577600f14.js,analytics,0.6187524795532227
https://f.vimeocdn.com/cms/_next/static/chunks/main-8c6944869e78c660.js,hosting,0.9777494072914124
https://f.vimeocdn.com/cms/_next/static/chunks/pages/_app-66952b5602870d8d.js,ads,0.9991216063499451
https://f.vimeocdn.com/cms/_next/static/chunks/3215-4b7b21831cbd8fb8.js,tag-manager,0.9385928511619568
https://f.vimeocdn.com/cms/_next/static/chunks/3264-19ae30d1edc9c9ce.js,ads,0.8908817768096924
https://f.vimeocdn.com/cms/_next/static/chunks/pages/%5B%5B...page%5D%5D-db516a6987c58b32.js,content,0.8391685485839844
https://f.vimeocdn.com/cms/_next/static/nvZkRi3nuMBC__zt4J7hy/_buildManifest.js,ads,0.3499393165111542
https://f.vimeocdn.com/cms/_next/static/nvZkRi3nuMBC__zt4J7hy/_ssgManifest.js,ads,0.3499393165111542
https://www.google-analytics.com/analytics.js,analytics,0.9600735306739807
https://www.gstatic.com/brandstudio/kato/cookie_choice_component/cookie_consent_bar.v3.js,cdn,0.3928299844264984
https://ajax.googleapis.com/ajax/libs/angularjs/1.6.6/angular.min.js,cdn,0.9968782663345337
https://ajax.googleapis.com/ajax/libs/angularjs/1.6.6/angular-animate.min.js,cdn,0.9716107249259949
https://ajax.googleapis.com/ajax/libs/angularjs/1.6.6/angular-touch.min.js,cdn,0.9989076852798462
https://powerad.ai/211454256344900/script.js,cdn,0.5787177681922913
https://www.redditstatic.com/desktop2x/js/xads.js,ads,0.6486954689025879
https://www.redditstatic.com/desktop2x/runtime~Reddit.e3303335c3240a50607f.js,analytics,0.9859360456466675
https://www.redditstatic.com/desktop2x/vendors~CommentsPage~ModerationPages~Reddit~reddit-components-ClassicPost~reddit-components-CompactP~d737df3e.31f8d07ab88edabff736.js,hosting,0.9494155645370483
https://www.redditstatic.com/desktop2x/vendors~CommentsPage~Governance~ModListing~ModerationPages~Reddit~Subreddit.f468f4fbfe44aa5cfabf.js,cdn,0.9966392517089844
https://www.redditstatic.com/desktop2x/vendors~Chat~Governance~Reddit.6921f706c26009a1fbb3.js,analytics,0.8385223150253296
https://www.redditstatic.com/desktop2x/vendors~Reddit.e29cda49d7d054fd48a9.js,utility,0.7344093918800354
https://www.redditstatic.com/desktop2x/CommentsPage~Governance~Reddit~ReportFlow~Subreddit~reddit-components-BlankPost~reddit-components-Cl~5351df81.b1a1e0bec6f2a4c6ff3d.js,ads,0.9786587953567505
https://www.redditstatic.com/desktop2x/Governance~Reddit~Subreddit~reddit-components-ClassicPost~reddit-components-CompactPost~reddit-compo~bd4baca2.0cedb1c30f3630f2f050.js,ads,0.7432803511619568
https://www.redditstatic.com/desktop2x/Reddit~StandalonePostPage~reddit-components-ClassicPost~reddit-components-CompactPost~reddit-compone~9b425435.f3d5e3373b7e3d7bc853.js,ads,0.4545796811580658
https://www.redditstatic.com/desktop2x/Reddit~RichTextEditor~reddit-components-MediumPost~reddit-components-NotificationUnit-Button~removal~87f825ba.8656834769edc759ecfb.js,content,0.6790670156478882
https://www.redditstatic.com/desktop2x/Governance~ModListing~Reddit~ReportFlow.e928d598f9232b304793.js,analytics,0.515303909778595
https://www.redditstatic.com/desktop2x/Chat~Governance~Reddit.4da16d04915632c43382.js,ads,0.9835397005081177
https://www.redditstatic.com/desktop2x/Governance~Reddit~SubredditForkingCTA.da14ae3a0c5273bc0999.js,cdn,0.6468644142150879
https://www.redditstatic.com/desktop2x/Governance~ModListing~Reddit.b8842d4178486b7993ab.js,content,0.45447269082069397
https://www.redditstatic.com/desktop2x/ModListing~Reddit~StandalonePostPage.bd37319a4f78703e6421.js,utility,0.5611194968223572
https://www.redditstatic.com/desktop2x/Governance~Reddit.10bc0d7be313b5c6c3e2.js,analytics,0.9165568947792053
https://www.redditstatic.com/desktop2x/Reddit.9f6e1b34b8bc0570edb9.js,content,0.8467493057250977
https://www.redditstatic.com/desktop2x/CollectionCommentsPage~CommentsPage~CountryPage~Frontpage~GovernanceReleaseNotesModal~ModListing~Mod~e3d63e32.b029e47ff551c95e5bb5.js,social,0.3490794003009796
https://www.redditstatic.com/desktop2x/CountryPage~Frontpage~ModListing~Multireddit~ProfileComments~ProfileOverview~ProfilePosts~Subreddit.00e4d545e44a37487b08.js,analytics,0.37603098154067993
https://www.redditstatic.com/desktop2x/Frontpage.60e0577a394733571975.js,content,0.5919951796531677
https://www.redditstatic.com/desktop2x/CollectionCommentsPage~CommentsPage~CountryPage~FramedGild~GildModal~GovernanceReleaseNotesModal~Hap~a5d6a3b8.ce72cde2aa05d0928999.js,content,0.47362878918647766
https://www.redditstatic.com/desktop2x/CollectionCommentsPage~CommentsPage~CountryPage~GovernanceReleaseNotesModal~ModerationPages~Multired~4b0513d5.d6ded0cc7fd5e54a71c6.js,ads,0.9923436045646667
https://www.redditstatic.com/desktop2x/CollectionCommentsPage~CommentsPage~EconTopAwardersModal~ModQueuePages~ModerationPages~PostCreation~~bca2b657.6fc03cc7a4244f516daa.js,content,0.514303982257843
https://www.redditstatic.com/desktop2x/CollectionCommentsPage~CommentsPage~GovernanceReleaseNotesModal~ModerationPages~PostCreation~Profile~9a5d9fab.343cb58578e17840f987.js,content,0.9910020232200623
https://www.redditstatic.com/desktop2x/CollectionCommentsPage~CommentsPage~ProfileComments~ProfileOverview~ProfilePrivate~StandalonePostPag~0596d05c.84a5ba771c7121f3cc62.js,content,0.7562921643257141
https://www.redditstatic.com/desktop2x/reddit-components-LargePost.c337aa77f8b6b0f35e1d.js,content,0.7457711100578308
https://www.redditstatic.com/desktop2x/ModQueuePages~reddit-components-MediumPost.29eaeb4c8fa9a62c1b3f.js,content,0.945232629776001
https://www.redditstatic.com/desktop2x/reddit-components-MediumPost.2373f7b59aa1057ec4ac.js,ads,0.7445279359817505
https://www.redditstatic.com/desktop2x/reddit-components-BlankPost.f2989899a6afc6771b1b.js,cdn,0.8427696228027344
https://cdn-client.medium.com/lite/static/js/manifest.55798bef.js,hosting,0.37830743193626404
https://cdn-client.medium.com/lite/static/js/2637.f87ac379.js,analytics,0.9772311449050903
https://cdn-client.medium.com/lite/static/js/main.38fd6005.js,content,0.37044182419776917
https://cdn-client.medium.com/lite/static/js/instrumentation.c71f0248.chunk.js,hosting,0.9576728343963623
https://cdn-client.medium.com/lite/static/js/reporting.bbdcaa9d.chunk.js,ads,0.3499393165111542
https://cdn-client.medium.com/lite/static/js/799.361fd2fb.chunk.js,cdn,0.9933795928955078
https://cdn-client.medium.com/lite/static/js/4251.6ad8ce07.chunk.js,cdn,0.9320988059043884
https://cdn-client.medium.com/lite/static/js/2905.21128cd9.chunk.js,content,0.38200706243515015
https://cdn-client.medium.com/lite/static/js/8007.e7e42be3.chunk.js,ads,0.3499393165111542
https://cdn-client.medium.com/lite/static/js/8695.ac0f83b3.chunk.js,content,0.4160543382167816
https://cdn-client.medium.com/lite/static/js/9683.3eae7344.chunk.js,content,0.8561031222343445
https://cdn-client.medium.com/lite/static/js/7702.c5a5a368.chunk.js,content,0.8350111246109009
https://cdn-client.medium.com/lite/static/js/5203.23a22ad8.chunk.js,hosting,0.7147010564804077
https://cdn-client.medium.com/lite/static/js/8708.546db97b.chunk.js,ads,0.3499393165111542
https://cdn-client.medium.com/lite/static/js/1957.6c5d9d7a.chunk.js,content,0.9960944056510925
https://cdn-client.medium.com/lite/static/js/3635.c351368e.chunk.js,content,0.8640960454940796
https://cdn-client.medium.com/lite/static/js/1802.ed7a3c33.chunk.js,content,0.9436865448951721
https://cdn-client.medium.com/lite/static/js/1743.42985c62.chunk.js,hosting,0.39918190240859985
https://cdn-client.medium.com/lite/static/js/HomeLoPage.MainContent.e2669d41.chunk.js,content,0.49361321330070496
https://static.cloudflareinsights.com/beacon.min.js/v2b4487d741ca48dcbadcaf954e159fc61680799950996,analytics,0.7227374315261841
https://creativecommons.org/wp-content/plugins/google-analytics-for-wordpress/assets/js/frontend.min.js?ver=7.12.2,content,0.5993867516517639
https://creativecommons.org/wordpress/wp-includes/js/jquery/jquery.js?ver=1.12.4-wp,cdn,0.45363104343414307
https://www.googleoptimize.com/optimize.js?id=OPT-K7PLVT5,analytics,0.5156862139701843
https://player.vimeo.com/api/player.js,analytics,0.9696782231330872
https://creativecommons.org/wp-content/themes/cc/js/cc.js?ver=2019.7.1,utility,0.9015255570411682
https://creativecommons.org/wp-content/plugins/cc-donate/js/cc-donate.js?ver=20171011,cdn,0.9702126383781433
https://creativecommons.org/wp-content/themes/cc/js/breakpoint-body-class.js?ver=2019.7.1,cdn,0.7852643132209778
https://creativecommons.org/wp-content/themes/cc/js/sticky-nav.js?ver=2019.7.1,content,0.8772210478782654
https://creativecommons.org/wp-content/themes/cc/js/toggle-search.js?ver=2019.7.1,utility,0.9679290056228638
https://creativecommons.org/wp-content/themes/cc/js/donation.js?ver=2019.7.1,content,0.8331537842750549
https://creativecommons.org/wp-content/themes/twentysixteen/js/skip-link-focus-fix.js?ver=20170530,utility,0.8729877471923828
https://creativecommons.org/wp-content/themes/twentysixteen/js/functions.js?ver=20181217,cdn,0.45735904574394226
https://creativecommons.org/wordpress/wp-includes/js/wp-embed.min.js?ver=5.5,utility,0.39751383662223816
https://creativecommons.org/wp-content/plugins/cc-resource/widgets/js/cc-resource.js?ver=20160608,analytics,0.5161369442939758
https://stats.wp.com/e-202315.js,analytics,0.9909027218818665
https://a-v2.sndcdn.com/assets/53-aed4402d.js,ads,0.3499393165111542
https://a-v2.sndcdn.com/assets/51-57e568e7.js,ads,0.8369099497795105
https://cdn.cookielaw.org/consent/7e62c772-c97a-4d95-8d0a-f99bbeadcf61/otSDKStub.js,ads,0.998506486415863
https://a-v2.sndcdn.com/assets/16-189cb3fe.js,ads,0.8805222511291504
https://a-v2.sndcdn.com/assets/52-744db58a.js,analytics,0.8096081018447876
https://a-v2.sndcdn.com/assets/1-350a1582.js,hosting,0.4197404980659485
https://a-v2.sndcdn.com/assets/3-a872df0a.js,social,0.26503026485443115
https://a-v2.sndcdn.com/assets/2-4ca864c7.js,hosting,0.998999297618866
https://a-v2.sndcdn.com/assets/0-810ef493.js,hosting,0.4823967218399048
https://a-v2.sndcdn.com/assets/50-9a5ad118.js,social,0.5596561431884766
https://ec.europa.eu/sites/default/files/js/js_BT2GOn0eqy5P4_ScQ4XlXoCSr2NrremXmQL3zsQCBFg.js,ads,0.3499393165111542
https://europa.eu/webtools/load.js,tag-manager,0.7228325605392456
https://ec.europa.eu/sites/default/files/js/js_yLPgoF0qNNRMNvlJTUhg1u-nSI1rDN84yus25LjxeCo.js,ads,0.3499393165111542
https://ec.europa.eu/wel/surveys/wr_survey01/wr_survey.js,ads,0.9513962268829346
https://chrome.google.com//www.gstatic.com/external_hosted/intersectionobserver_polyfill/intersection-observer.min.js,ads,0.3499393165111542
https://chrome.google.com//www.gstatic.com/external_hosted/scrollmagic/ScrollMagic.min.js,ads,0.3499393165111542
https://chrome.google.com//www.gstatic.com/external_hosted/scrollmagic/animation.gsap.min.js,ads,0.3499393165111542
https://chrome.google.com/chrome/static/js/pages/home/main.min.js,ads,0.3499393165111542
https://chrome.google.com/chrome/static/js/installer.min.js,ads,0.3499393165111542
https://www.googleoptimize.com/optimize.js?id=GTM-N4JSZJ8,analytics,0.614955484867096
https://www.cloudflare.com/vendor/onetrust/scripttemplates/otSDKStub.js,analytics,0.9821560978889465
https://performance.radar.cloudflare.com/beacon.js,cdn,0.8869515657424927
https://cloudflare.com/SearchModal-3ddfdb137194c4ee1004.js,hosting,0.666041374206543
https://cloudflare.com/app-b8309ae89c1db58556c2.js,analytics,0.32019752264022827
https://cloudflare.com/framework-af5f1d9ed36a18b8ece2.js,analytics,0.7430610656738281
https://cloudflare.com/webpack-runtime-7386cc6cb4e70daee9b0.js,utility,0.6731342077255249
https://static.cloudflareinsights.com/beacon.min.js/v2b4487d741ca48dcbadcaf954e159fc61680799950996,analytics,0.7227374315261841
https://nytimes.com/vi-assets/static-assets/adslot-8e1faffe867e52f502b2.js,ads,0.5416716933250427
https://static01.nytimes.com/newsgraphics/30d6f5055af4c421e8fce0b55adfd886cac8d2b6/static/js/styln-carousel-deck.js,analytics,0.42858174443244934
https://nytimes.com/vi-assets/static-assets/vendor-b261f5b50fd0c857de07.js,analytics,0.9630829095840454
https://nytimes.com/vi-assets/static-assets/home-7c138351748e03b2b970.js,analytics,0.8975303173065186
https://nytimes.com/vi-assets/static-assets/siteIndexContent-a6bf02df6fd85317eba3.js,hosting,0.7894385457038879
https://nytimes.com/vi-assets/static-assets/main-b285a1c60b24ee0c0500.js,analytics,0.9724298715591431
https://www.googletagmanager.com/gtm.js?id=GTM-P528B3>m_auth=tfAzqo1rYDLgYhmTnSjPqw>m_preview=env-130>m_cookies_win=x,ads,0.3499393165111542
https://support.microsoft.com/lib/ucs/dist/ucsCreativeService.js?v=yGbJEzVThu6xTzkXAmcIosGuJnJczcH12Av0qylgjiI,ads,0.9739500284194946
https://ajax.aspnetcdn.com/ajax/jQuery/jquery-3.5.1.min.js,cdn,0.8777955770492554
https://js.monitor.azure.com/scripts/c/ms.analytics-web-3.2.7.min.js,analytics,0.5611320734024048
https://wcpstatic.microsoft.com/mscc/lib/v2/wcp-consent.js,analytics,0.6224205493927002
https://support.microsoft.com/js/RememberedAccounts.Main.min.js?v=Cps8CwmqInN_7Y48GVSeyxn0RPWsk0cc31uUgvKPVdw,utility,0.4864601790904999
https://support.microsoft.com/js/TelemetryLogging.js?v=PI8krdyAXTV0whxSz7oGWOLjo8PeIdfp8gD_jTA31VM,ads,0.3499393165111542
https://support.microsoft.com/js/SearchBox.Main.min.js?v=sY_YBvw6gcgD1e-o1JhIQTBF7pirfPL8WqOaD-_eXFM,cdn,0.6219265460968018
https://support.microsoft.com/js/feedback.js?v=84GPO0wsKJkREYhzfs2-839cEXZQU9kTiITr30Y1u8w,utility,0.9987264275550842
https://support.microsoft.com/js/Support.Main.min.js?v=Hw6Hphr8_uFlmdbjwrlGi0QmHlxLss5RTFp7hUBSPNo,analytics,0.8760867714881897
https://support.microsoft.com/js/topNav.js?v=-eDiKlpcJhp0uSWk8XM_g0tWTQM1wwUfMmoZosDDQdo,content,0.6072534918785095
https://support.microsoft.com/js/PromotionBanner.Main.min.js?v=lPxxwt8ZKzDFNYuSNvRbC24S24EImVPnl-WkYX8w3n4,tag-manager,0.9881091713905334
https://support.microsoft.com/js/MeControlCallout.Main.min.js?v=z8A9eaXPs1zFIC_swsevu3o3DKi6YuzedODbJugVTXM,utility,0.9919737577438354
https://www.microsoft.com/videoplayer/js/vxpiframe.js,ads,0.3499393165111542
https://blogger.com//ajax.googleapis.com/ajax/libs/webfont/1.5.10/webfont.js,ads,0.3499393165111542
https://i.forbesimg.com/simple-site/nr-agent/index.js,analytics,0.8872302770614624
https://cdn.speedcurve.com/js/lux.js?id=22432108,ads,0.9902377724647522
https://sdk.sharethrough.com/gc.js,ads,0.9663885235786438
https://i.forbesimg.com/simple-site/dist/js/commons-cc645cfa373d9f4030ff.js,utility,0.567692756652832
https://i.forbesimg.com/simple-site/dist/js/common-5b3ff1e841c741f343a8.js,cdn,0.5861484408378601
https://i.forbesimg.com/simple-site/dist/js/homepage-79102352e90bcdc6de13.js,utility,0.8786121010780334
https://a0.awsstatic.com/libra/1.0.536/csp/csp-report.js,content,0.9471383094787598
https://a0.awsstatic.com/libra/1.0.536/libra-head.js,ads,0.9408369660377502
https://a0.awsstatic.com/s_code/js/3.0/awshome_s_code.js,tag-manager,0.9685273170471191
https://a0.awsstatic.com/eb-csr/1.0.27/orchestrate.js,analytics,0.9883996248245239
https://a0.awsstatic.com/target/1.0.120/aws-target-mediator.js,content,0.5543269515037537
https://a0.awsstatic.com/da/js/1.0.50/aws-da.js,other,0.47889235615730286
https://code.jquery.com//releases.jquery.com/jquery-wp-content/themes/jquery/js/modernizr.custom.2.8.3.min.js,ads,0.3499393165111542
https://code.jquery.com/jquery-1.11.3.js,cdn,0.9646841883659363
https://code.jquery.com//releases.jquery.com/jquery-wp-content/themes/jquery/js/plugins.js,ads,0.3499393165111542
https://code.jquery.com//releases.jquery.com/jquery-wp-content/themes/jquery/js/main.js,ads,0.3499393165111542
https://use.typekit.net/wde1aof.js,analytics,0.9004652500152588
https://code.jquery.com//code.jquery.com/ui/1.11.4/jquery-ui.min.js?ver=4.5.2,ads,0.3499393165111542
https://code.jquery.com//releases.jquery.com/jquery-wp-content/themes/jquery/js/clipboard-polyfill.js?ver=4.5.2,ads,0.3499393165111542
https://code.jquery.com//releases.jquery.com/jquery-wp-content/themes/jquery/js/sri-modal.js?ver=4.5.2,ads,0.3499393165111542
https://code.jquery.com//releases.jquery.com/wp-includes/js/comment-reply.min.js?ver=4.5.2,ads,0.3499393165111542
https://code.jquery.com//releases.jquery.com/wp-includes/js/wp-embed.min.js?ver=4.5.2,ads,0.3499393165111542
https://cdn.jsdelivr.net/npm/docsearch.js@2/dist/cdn/docsearch.min.js,cdn,0.9980079531669617
https://cfl.dropboxstatic.com/static/metaserver/static/js/alameda_bundle/alameda_bundle_ie_en-vflxq7vEb.js,cdn,0.7914712429046631
https://www.paypalobjects.com/webcaptcha/ngrlCaptcha.min.js,other,0.4797919690608978
https://www.paypalobjects.com/marketing-resources/js/7b/6def5b234cbc37a348f3690b696fbb739f6371.js,hosting,0.7768274545669556
https://www.paypalobjects.com/marketing-resources/js/c1/ae1d8b387bed087c07d56e5e4fbed891a65a29.js,utility,0.49210649728775024
https://www.paypalobjects.com/pa/js/min/pa.js,ads,0.5094380974769592
https://www.paypalobjects.com/activation/js/marketingIntentsV2.js,ads,0.3499393165111542
https://paypal.com/auth/createchallenge/4c2b2e074b903590/recaptchav3.js?_sessionID=a0JdOIAzySMbgDon9XxcQQo--RiNuALI,ads,0.3499393165111542
https://apps.apple.com/v/app-store/b/built/scripts/head.built.js,ads,0.3499393165111542
https://apps.apple.com/api-www/global-elements/global-header/v1/assets/globalheader.umd.js,ads,0.3499393165111542
https://apps.apple.com/metrics/ac-analytics/2.17.1/scripts/ac-analytics.js,ads,0.3499393165111542
https://apps.apple.com/metrics/ac-analytics/2.17.1/scripts/auto-init.js,ads,0.3499393165111542
https://apps.apple.com/ac/localnav/8/scripts/ac-localnav.built.js,ads,0.3499393165111542
https://apps.apple.com/ac/globalfooter/8/en_US/scripts/ac-globalfooter.built.js,ads,0.3499393165111542
https://apps.apple.com/ac/localeswitcher/4/en_US/scripts/localeswitcher.built.js,ads,0.3499393165111542
https://apps.apple.com/v/app-store/b/built/scripts/main.built.js,ads,0.3499393165111542
https://a.pub.network/tinyurl-com/pubfig.min.js,ads,0.974442720413208
https://tinyurl.com/js/app.js?id=71ec0c250a6d38eb2625fb8986fa62d9,cdn,0.7298179864883423
https://www.etsy.com/paula/v3/polyfill.min.js?etsy-v=v5&flags=gated&features=AbortController%2CDOMTokenList.prototype.@@iterator%2CDOMTokenList.prototype.forEach%2CIntersectionObserver%2CIntersectionObserverEntry%2CNodeList.prototype.@@iterator%2CNodeList.prototype.forEach%2CObject.preventExtensions%2CString.prototype.anchor%2CString.raw%2Cdefault%2Ces2015%2Ces2016%2Ces2017%2Ces2018%2Ces2019%2Ces2020%2Ces2021%2Ces2022%2Cfetch%2CgetComputedStyle%2CmatchMedia%2Cperformance.now,cdn,0.8454938530921936
https://www.etsy.com/ac/primaryVendor/js/en-US/vendor_bundle.31f9ca1176bca129bdd7.js,social,0.9493967890739441
https://www.etsy.com/ac/primaryVendor/js/en-US/app-shell/globals/index.2ba574ba6f93fb8ce9a4.js,content,0.6569905281066895
https://www.etsy.com/ac/primaryVendor/js/en-US/footer/country-picker.a93a2f3dbcb2637cd4b2.js,utility,0.5993255972862244
https://www.etsy.com/ac/primaryVendor/js/en-US/vesta_homepage/bootstrap.87d712c180b60696c7fa.js,hosting,0.6622013449668884
https://cdn.theatlantic.com/tng/static/frontend/dist/theatlantic/js/polyfill.8a4effa59067.js,analytics,0.8457094430923462
https://www.google.com/recaptcha/api.js?render=6Lc9Z7AUAAAAAEYS1dgAG2_6tT3KLqZQ1z4kbDRc,utility,0.9999134540557861
https://cdn.theatlantic.com/tng/static/frontend/jspm_packages/system.822e0a71e40b.js,utility,0.585140585899353
https://polyfill.archive.org/v3/polyfill.min.js?features=fetch%2CIntersectionObserver%2CResizeObserver%2CglobalThis%2CElement.prototype.getAttributeNames%2CString.prototype.startsWith%2CArray.prototype.flat%2CURL%2CURLSearchParams,other,0.9398465752601624
https://archive.org/offshoot_assets/vendor/lit@2.0.2/polyfill-support.js,hosting,0.8638750910758972
https://archive.org/offshoot_assets/vendor/@webcomponents/webcomponentsjs@2.6.0/webcomponents-loader.js,marketing,0.8625286817550659
https://archive.org/offshoot_assets/js/webpack-runtime.f5d03f828675751f4a69.js,analytics,0.8096081018447876
https://archive.org/offshoot_assets/js/index.83dc3fb86f1707cc9089.js,tag-manager,0.8447638154029846
https://cnn.com/.a/bundles/header.0808dfb457bb9b417a6b.bundle.js,analytics,0.9824946522712708
https://cnn.com/.a/2.310.0/js/cnn-header-second-react.min.js,ads,0.7304289937019348
https://cnn.com/optimizelyjs/128727546.js,analytics,0.9999921321868896
https://cnn.com/.a/2.310.0/js/cnn-footer-lib-react.min.js,analytics,0.8037286400794983
https://issuu.com//static.isu.pub/fe/product-header-frontend/119/header.js,social,0.2521226108074188
https://issuu.com//static.isu.pub/fe/product-footer-frontend/51/footer.js,social,0.2521226108074188
https://cdnjs.cloudflare.com/ajax/libs/react/17.0.2/umd/react.production.min.js,ads,0.9994509816169739
https://cdnjs.cloudflare.com/ajax/libs/react-dom/17.0.2/umd/react-dom.production.min.js,cdn,0.9215284585952759
https://cdnjs.cloudflare.com/ajax/libs/react-is/17.0.2/umd/react-is.production.min.js,ads,0.3499393165111542
https://cdnjs.cloudflare.com/ajax/libs/styled-components/5.3.9/styled-components.min.js,cdn,0.710628092288971
https://issuu.com//static.isu.pub/fe/product-preview-frontend/139/client.js,social,0.2521226108074188
https://cdnjs.cloudflare.com/ajax/libs/react/17.0.2/umd/react.production.min.js,ads,0.9994509816169739
https://cdnjs.cloudflare.com/ajax/libs/react-dom/17.0.2/umd/react-dom.production.min.js,cdn,0.9215284585952759
https://cdnjs.cloudflare.com/ajax/libs/react-is/17.0.2/umd/react-is.production.min.js,ads,0.3499393165111542
https://cdnjs.cloudflare.com/ajax/libs/styled-components/5.3.9/styled-components.min.js,cdn,0.710628092288971
https://s1.wp.com/home.logged-out/page-2022-oct/js/bundle.js?v=1680693141,analytics,0.38018059730529785
https://wordpress.com//stats.wp.com/w.js?63,content,1.0
https://wordpress.com/wp-content/js/bilmur.min.js?i=7&m=202312,hosting,0.42856982350349426
https://s1.wp.com/wp-content/js/def-queue.js?v=1566842360,utility,0.34731152653694153
https://s1.wp.com/home.logged-out/page-2022-oct/js/bundle.js?v=1680693141,analytics,0.38018059730529785
https://wp.me//stats.wp.com/w.js?63,content,1.0
https://wp.me/wp-content/js/bilmur.min.js?i=7&m=202312,hosting,0.42856982350349426
https://s1.wp.com/wp-content/js/def-queue.js?v=1566842360,utility,0.34731152653694153
https://cdn.speedcurve.com/js/lux.js?id=38383524,ads,0.9902377724647522
https://www.google-analytics.com/analytics.js,analytics,0.9600735306739807
https://s3-media0.fl.yelpcdn.com/assets/srv0/cdn_assets/d86dcdbfed4c/assets/vendor/react/18.2.0/umd/react.production.min.js,ads,0.9997844099998474
https://s3-media0.fl.yelpcdn.com/assets/srv0/cdn_assets/64141792105e/assets/vendor/react-dom/18.2.0/umd/react-dom.production.min.js,cdn,0.7312064170837402
https://s3-media0.fl.yelpcdn.com/assets/srv0/cdn_assets/4dc644e84e0b/assets/vendor/regenerator-runtime/0.13.9/regenerator-runtime.min.js,utility,0.7207729816436768
https://s3-media0.fl.yelpcdn.com/assets/public/module_yelp-frontend_runtime.yji-6145222067ea925a86f1.js,utility,0.8303750157356262
https://s3-media0.fl.yelpcdn.com/assets/public/module_yelp-frontend_lib-yelp-react-component-button-18.0.0.yji-2e1c5dc800699e9038f1.js,analytics,0.9485183358192444
https://s3-media0.fl.yelpcdn.com/assets/public/module_yelp-frontend_lib-yelp-style-utils-6.2.0.yji-e946d834e144573b5269.js,content,0.8297768235206604
https://s3-media0.fl.yelpcdn.com/assets/public/module_yelp-frontend_lib-yelp-react-component-photo-box-14.1.6.yji-9cc5409305d9adf5f250.js,analytics,0.9485183358192444
https://s3-media0.fl.yelpcdn.com/assets/public/module_yelp-frontend_lib-yelp-react-component-ynra-28.0.1.yji-f4b489c4bef2662ccd47.js,social,0.9475540518760681
https://s3-media0.fl.yelpcdn.com/assets/public/module_yelp-frontend_commons.yji-5a1d6428ea64d03b8fb9.js,analytics,0.4855564832687378
https://s3-media0.fl.yelpcdn.com/assets/public/module_yelp-frontend_shared-0f9c3d29f650569592daa2fd050f50c2ba6e86e3.yji-a1779b62d20b9565033d.js,analytics,0.9485079646110535
https://s3-media0.fl.yelpcdn.com/assets/public/module_yelp-frontend_shared-6d8717ad115299b156bca9ffe261a80cca2cd7d6.yji-b4fe5f492cd25ad8892c.js,ads,0.3499393165111542
https://s3-media0.fl.yelpcdn.com/assets/public/module_yelp-frontend_shared-4c6ab3bd318e1ef79c723da362d379b7f97e91ec.yji-7424460d3d24bbc61872.js,utility,0.9223597049713135
https://s3-media0.fl.yelpcdn.com/assets/public/module_yelp-frontend_shared-fb51986e9628465199cdb4a799d585a1701b4737.yji-1fedd41593cd4d46fa05.js,analytics,0.9485183358192444
https://s3-media0.fl.yelpcdn.com/assets/public/module_yelp-frontend_shared-c08eaf7cdbe7ee5fb22bfec0fa6a9bb5ebed4d96.yji-377d05cdacbab852a641.js,social,0.3589518964290619
https://s3-media0.fl.yelpcdn.com/assets/public/module_yelp-frontend_shared-8047ccb59892eeee6fa76e28389f6373984e4272.yji-a3c73a69174e598c6992.js,utility,0.9859431982040405
https://s3-media0.fl.yelpcdn.com/assets/public/module_yelp-frontend_shared-ed5c0b65f44f7dd23f322a1d1f1e0f5ee9cbd5eb.yji-26ec59572dad64898cc9.js,utility,0.6290234327316284
https://s3-media0.fl.yelpcdn.com/assets/public/module_yelp-frontend_shared-81470dddce3d5e2a9252983da4c0e9b8af346b40.yji-10e242a058f12347048c.js,analytics,0.9485183358192444
https://s3-media0.fl.yelpcdn.com/assets/public/module_yelp-frontend_shared-41b4cad052a3209b3b69c3dd0a8b21c20db381bd.yji-c5d35bcc58c097eca333.js,cdn,0.7259916067123413
https://s3-media0.fl.yelpcdn.com/assets/public/module_yelp-frontend_shared-21a02cb17b9c945d4eeb6de42be78682d3da74a6.yji-ccbf7111ba0f83333940.js,analytics,0.573312520980835
https://s3-media0.fl.yelpcdn.com/assets/public/module_yelp-frontend_shared-a17a78a839e3eee8c64943769526a8ba8a364413.yji-052f43e16c541527bedc.js,cdn,0.547053873538971
https://s3-media0.fl.yelpcdn.com/assets/public/module_yelp-frontend_shared-fad440e47c6ce427190b6d1aaca901ab185afcf0.yji-c5865232c97bd53277ab.js,analytics,0.5305669903755188
https://s3-media0.fl.yelpcdn.com/assets/public/module_yelp-frontend_shared-e910f8407fd1af109fd19ea5679952b3edd0d92f.yji-9874dbe600b87233fc90.js,social,0.8646225929260254
https://s3-media0.fl.yelpcdn.com/assets/public/module_yelp-frontend_shared-9b026986fafbf384d582fd3cf06a52609b968e51.yji-4e372930cb00c74dada4.js,social,0.9682801365852356
https://s3-media0.fl.yelpcdn.com/assets/public/module_yelp-frontend_shared-a279e9b9560f4437b6e4ecd29dca897c3bd30e15.yji-be22b51743e711cdddec.js,social,0.9999948740005493
https://s3-media0.fl.yelpcdn.com/assets/public/module_yelp-frontend_shared-4345c097ad429199fe09893055b9e05b6d0842d5.yji-79c4df25889da552e9ce.js,utility,0.9877382516860962
https://s3-media0.fl.yelpcdn.com/assets/public/module_yelp-frontend_shared-e4ddacc3bffd3304779d1c6a1636938654ff19cd.yji-52353e5266deb80d4904.js,content,0.4763941764831543
https://s3-media0.fl.yelpcdn.com/assets/public/module_yelp-frontend_shared-6c69a404b102087b5882195197ae63f937bf675e.yji-54a0332e7ac723035a7d.js,analytics,0.8513278961181641
https://s3-media0.fl.yelpcdn.com/assets/public/module_yelp-frontend_shared-ff5ff6ed92b080d53042fc00d4d95c6d24ff0900.yji-8ed1fbc5e59097fb5362.js,ads,0.3499393165111542
https://s3-media0.fl.yelpcdn.com/assets/public/module_yelp-frontend_shared-70a71739246a6e860b8f973b1228044bcce1a3ae.yji-6f25201da8c8206fd9d1.js,ads,0.9747995138168335
https://s3-media0.fl.yelpcdn.com/assets/public/module_yelp-frontend_shared-1ed043f798dafbcdb7600ac5c86c86e383f9a0c0.yji-d450c8a1d428f4daffe1.js,cdn,0.9744880199432373
https://s3-media0.fl.yelpcdn.com/assets/public/module_yelp-frontend_shared-db5986ac6abb31ebd33ea89aaf124c505d199e45.yji-ed8c8af94bb70a5e4ed4.js,hosting,0.9996302127838135
https://s3-media0.fl.yelpcdn.com/assets/public/module_yelp-frontend_shared-fe624d84880bc4c768f4fb74c09ce8396e9920fd.yji-4639aa491adc6610769f.js,analytics,0.8539832234382629
https://s3-media0.fl.yelpcdn.com/assets/public/module_yelp-frontend_gondola-homepage.yji-7b0dfe5b6911e4a3e6dc.js,analytics,0.960485577583313
https://support.apple.com/etc/designs/support/publish/JS/pattern/head.js,analytics,0.5250371098518372
https://www.apple.com/api-www/global-elements/global-header/v1/assets/globalheader.umd.js,hosting,0.4437641203403473
https://km.support.apple.com/etc/designs/support/publish/commons-sk7.min.js,analytics,0.7323035597801208
https://support.apple.com/etc/designs/support/publish/JS/pattern/appleSatelliteLib.full.js,tag-manager,0.9999569654464722
https://support.apple.com/etc/designs/support/publish/JS/pattern/accsoffer.js,analytics,0.7665022015571594
https://support.apple.com/etc/designs/support/publish/JS/pattern/pod.js,ads,0.3499393165111542
https://t.me/js/main.js?47,cdn,0.5443366765975952
https://t.me/js/tgsticker.js?31,ads,0.8739058971405029
https://apple.com/v/home/az/built/scripts/head.built.js,utility,0.7903540730476379
https://apple.com/api-www/global-elements/global-header/v1/assets/globalheader.umd.js,hosting,0.4437641203403473
https://apple.com/metrics/ac-analytics/2.17.1/scripts/ac-analytics.js,tag-manager,0.8878005146980286
https://apple.com/ac/globalfooter/8/en_US/scripts/ac-globalfooter.built.js,analytics,0.9786801338195801
https://apple.com/ac/localeswitcher/4/en_US/scripts/localeswitcher.built.js,hosting,0.999815046787262
https://apple.com/v/home/az/built/scripts/main.built.js,utility,0.873454749584198
https://apple.com/ac/ac-films/6.8.2/scripts/autofilms.built.js,social,0.9999215602874756
https://apple.com/metrics/data-relay/1.1.4/scripts/data-relay.js,hosting,0.930270254611969
https://apple.com/metrics/data-relay/1.1.4/scripts/auto-relay.js,video,0.713702380657196
https://www.washingtonpost.com/wp-stat/zeus-common-key-values/dist/main.js,social,0.7963419556617737
