1,google.com
3,a-msedge.net
4,youtube.com
5,microsoft.com
6,amazonaws.com
8,baidu.com
9,cloudflare.com
11,apple.com
13,amazon.com
14,bilibili.com
16,wikipedia.org
17,akamaiedge.net
18,qq.com
19,gtld-servers.net
20,live.com
21,domaincontrol.com
22,akamai.net
23,pg.com
24,yahoo.com
25,googletagmanager.com
26,azure.com
27,zhihu.com
28,bing.com
29,googlevideo.com
30,office.com
31,l-msedge.net
32,github.com
33,reddit.com
34,pinterest.com
35,wordpress.org
37,windowsupdate.com
38,doubleclick.net
39,youtu.be
40,microsoftonline.com
42,fastly.net
43,zoom.us
44,nflxso.net
45,akadns.net
46,s-msedge.net
47,adobe.com
48,vimeo.com
49,yandex.ru
50,googleusercontent.com
51,openai.com
52,algolia.net
54,trafficmanager.net
55,wordpress.com
56,gandi.net
57,goo.gl
58,taobao.com
59,pricegrabber.com
60,fdv2-t-msedge.net
61,163.com
62,sharepoint.com
63,intuit.com
64,bit.ly
65,vk.com
66,googledomains.com
67,aaplimg.com
69,t.co
70,windows.net
71,msn.com
73,cloudapp.net
75,apple-dns.net
76,mozilla.org
77,fbcdn.net
78,weibo.com
79,google-analytics.com
81,blogspot.com
84,edgekey.net
85,tumblr.com
87,nih.gov
88,cloudflare.net
90,jd.com
91,macromedia.com
93,europa.eu
94,health.mil
95,instacart.tools
96,nytimes.com
97,google.com.hk
98,fandom.com
100,nic.ru
101,ebay.com
102,yandex.net
103,sina.com.cn
104,flickr.com
105,imdb.com
106,csdn.net
107,cloudfront.net
108,myfritz.net
109,t.me
111,medium.com
112,b-msedge.net
113,opera.com
114,naver.com
115,digicert.com
116,gravatar.com
117,salesforce.com
119,aliexpress.com
120,msedge.net
121,soundcloud.com
122,apache.org
123,registrar-servers.com
124,force.com
125,aiv-cdn.net
127,cnn.com
128,webex.com
129,omtrdc.net
130,archive.org
131,github.io
132,office.net
133,myshopify.com
134,comcast.net
135,sohu.com
136,forbes.com
137,miit.gov.cn
138,gvt1.com
139,dnsmadeeasy.com
140,forms.gle
141,iqiyi.com
142,lencr.org
143,quora.com
144,stackoverflow.com
145,spo-msedge.net
146,indeed.com
147,zemanta.com
148,theguardian.com
149,spankbang.com
150,w3.org
151,bbc.com
152,shopify.com
153,douban.com
154,atg.se
155,aliyun.com
156,sciencedirect.com
157,etsy.com
158,gstatic.com
159,att.net
160,amazon.co.uk
161,azurewebsites.net
162,twitch.tv
163,amazon.in
164,booking.com
165,tiktokcdn.com
166,roblox.com
167,meraki.com
168,sourceforge.net
169,telegram.org
170,bbc.co.uk
171,dzen.ru
172,imgur.com
173,sberdevices.ru
174,ibm.com
175,twimg.com
176,wa.me
177,googleapis.com
178,zendesk.com
179,creativecommons.org
180,abusix.zone
181,1688.com
182,oracle.com
183,researchgate.net
184,rambler.ru
185,tmall.com
186,hwcdn.net
187,gvt2.com
188,amazon.co.jp
189,teamviewer.com
190,salesforceliveagent.com
192,tradingview.com
193,duckduckgo.com
194,who.int
195,issuu.com
196,cisco.com
197,freepik.com
199,linktr.ee
200,deepl.com
201,tencent.com
202,wixsite.com
203,weebly.com
204,epicgames.com
205,google.co.in
206,wikimedia.org
207,discord.com
208,hp.com
209,washingtonpost.com
210,adnxs.com
211,dell.com
212,pixiv.net
213,cdc.gov
214,klarna.com
215,azureedge.net
216,googlesyndication.com
217,alibaba.com
218,tiktokv.com
219,ally.com
220,opendns.com
221,wsdvs.com
222,mit.edu
223,harvard.edu
224,reuters.com
225,feishu.cn
226,google.de
227,a2z.com
228,dailymail.co.uk
229,rackspace.net
230,nginx.org
231,ytimg.com
232,samsung.com
233,mangosip.ru
234,wiley.com
235,name-services.com
236,wix.com
237,atlassian.net
238,telenet-ops.be
239,behance.net
240,criteo.com
241,msn.cn
242,tinyurl.com
243,xcal.tv
244,o365filtering.com
245,go.com
246,bloomberg.com
247,wsj.com
248,okta.com
249,reg.ru
250,nginx.com
251,edgesuite.net
252,google.co.uk
253,hichina.com
254,huawei.com
255,digitalocean.com
256,alipay.com
257,akamaihd.net
258,jianshu.com
259,amazonvideo.com
260,iairgroup.com
261,springer.com
262,blogger.com
263,googleadservices.com
264,godaddy.com
265,ruidongcloud.com
266,instructure.com
267,ilovepdf.com
268,demdex.net
269,www.gov.uk
270,youtube-nocookie.com
271,elasticbeanstalk.com
272,stanford.edu
273,jomodns.com
274,nature.com
275,stripe.com
276,ring.com
277,walmart.com
278,businessinsider.com
279,php.net
280,unsplash.com
281,doi.org
282,rackspace.com
283,hubspot.com
284,comcast.com
285,nnip.com
286,userapi.com
287,youku.com
288,wp.com
289,cnbc.com
290,app-measurement.com
291,un.org
292,slideshare.net
293,ok.ru
294,mediafire.com
295,2mdn.net
296,e-msedge.net
297,cdn77.org
298,trello.com
299,weather.com
300,windows.com
301,espn.com
302,avito.ru
303,list-manage.com
304,shifen.com
305,namu.wiki
306,pki.goog
307,edgecdn.ru
308,warnerbros.com
309,swisscom.ch
311,manitu.net
312,nasa.gov
313,consultant.ru
314,kaspersky.com
315,xiaohongshu.com
316,flipkart.com
317,ohthree.com
318,gnu.org
319,akam.net
320,wildberries.ru
321,figma.com
322,3dmgame.com
323,ampproject.org
324,line.me
325,dailymotion.com
326,deviantart.com
327,databricks.com
328,typeform.com
329,cnki.net
330,whatsapp.net
331,sogou.com
332,grammarly.com
333,fiverr.com
334,cedexis.net
335,eventbrite.com
336,w3schools.com
337,hao123.com
338,fc2.com
339,amazon-adsystem.com
340,trustpilot.com
341,usatoday.com
342,herokudns.com
343,google.co.jp
344,indiatimes.com
345,so.com
346,npr.org
347,ozon.ru
348,tistory.com
349,ca.gov